Data;Sistema;GWh
02/06/2015;Sudeste/Centro-Oeste;0
02/06/2015;Sul;5,2
02/06/2015;Nordeste;39,2
02/06/2015;Norte;0
02/06/2015;Sistema Interligado Nacional;44,4
03/06/2015;Sudeste/Centro-Oeste;0
03/06/2015;Sul;8
03/06/2015;Nordeste;45,8
03/06/2015;Norte;0
03/06/2015;Sistema Interligado Nacional;53,8
04/06/2015;Sudeste/Centro-Oeste;0
04/06/2015;Sul;2,9
04/06/2015;Nordeste;38,8
04/06/2015;Norte;0
04/06/2015;Sistema Interligado Nacional;41,8
05/06/2015;Sudeste/Centro-Oeste;0
05/06/2015;Sul;10,6
05/06/2015;Nordeste;37,4
05/06/2015;Norte;0
05/06/2015;Sistema Interligado Nacional;48
06/06/2015;Sudeste/Centro-Oeste;0
06/06/2015;Sul;16,1
06/06/2015;Nordeste;47,8
06/06/2015;Norte;0
06/06/2015;Sistema Interligado Nacional;63,9
07/06/2015;Sudeste/Centro-Oeste;0
07/06/2015;Sul;7,1
07/06/2015;Nordeste;40
07/06/2015;Norte;0
07/06/2015;Sistema Interligado Nacional;47,1
08/06/2015;Sudeste/Centro-Oeste;0
08/06/2015;Sul;3,8
08/06/2015;Nordeste;34,1
08/06/2015;Norte;0
08/06/2015;Sistema Interligado Nacional;37,8
09/06/2015;Sudeste/Centro-Oeste;0
09/06/2015;Sul;6
09/06/2015;Nordeste;35
09/06/2015;Norte;0
09/06/2015;Sistema Interligado Nacional;41
10/06/2015;Sudeste/Centro-Oeste;0
10/06/2015;Sul;7,3
10/06/2015;Nordeste;44
10/06/2015;Norte;0
10/06/2015;Sistema Interligado Nacional;51,3
11/06/2015;Sudeste/Centro-Oeste;0
11/06/2015;Sul;11,7
11/06/2015;Nordeste;52,1
11/06/2015;Norte;0
11/06/2015;Sistema Interligado Nacional;63,8
12/06/2015;Sudeste/Centro-Oeste;0
12/06/2015;Sul;7
12/06/2015;Nordeste;42,5
12/06/2015;Norte;0
12/06/2015;Sistema Interligado Nacional;49,5
13/06/2015;Sudeste/Centro-Oeste;0
13/06/2015;Sul;4,6
13/06/2015;Nordeste;46,6
13/06/2015;Norte;0
13/06/2015;Sistema Interligado Nacional;51,2
14/06/2015;Sudeste/Centro-Oeste;0
14/06/2015;Sul;10,6
14/06/2015;Nordeste;34,5
14/06/2015;Norte;0
14/06/2015;Sistema Interligado Nacional;45,1
15/06/2015;Sudeste/Centro-Oeste;0
15/06/2015;Sul;22,9
15/06/2015;Nordeste;31,1
15/06/2015;Norte;0
15/06/2015;Sistema Interligado Nacional;54
16/06/2015;Sudeste/Centro-Oeste;0
16/06/2015;Sul;13,7
16/06/2015;Nordeste;46,1
16/06/2015;Norte;0
16/06/2015;Sistema Interligado Nacional;59,8
17/06/2015;Sudeste/Centro-Oeste;0
17/06/2015;Sul;8,5
17/06/2015;Nordeste;47,8
17/06/2015;Norte;0
17/06/2015;Sistema Interligado Nacional;56,3
18/06/2015;Sudeste/Centro-Oeste;0
18/06/2015;Sul;17,2
18/06/2015;Nordeste;40,6
18/06/2015;Norte;0
18/06/2015;Sistema Interligado Nacional;57,7
19/06/2015;Sudeste/Centro-Oeste;0
19/06/2015;Sul;8,5
19/06/2015;Nordeste;43,3
19/06/2015;Norte;0
19/06/2015;Sistema Interligado Nacional;51,8
20/06/2015;Sudeste/Centro-Oeste;0
20/06/2015;Sul;14,7
20/06/2015;Nordeste;54,3
20/06/2015;Norte;0
20/06/2015;Sistema Interligado Nacional;69
21/06/2015;Sudeste/Centro-Oeste;0
21/06/2015;Sul;4
21/06/2015;Nordeste;49,6
21/06/2015;Norte;0
21/06/2015;Sistema Interligado Nacional;53,6
22/06/2015;Sudeste/Centro-Oeste;0
22/06/2015;Sul;6,2
22/06/2015;Nordeste;49,8
22/06/2015;Norte;0
22/06/2015;Sistema Interligado Nacional;56,1
23/06/2015;Sudeste/Centro-Oeste;0
23/06/2015;Sul;9,1
23/06/2015;Nordeste;30,2
23/06/2015;Norte;0
23/06/2015;Sistema Interligado Nacional;39,3
24/06/2015;Sudeste/Centro-Oeste;0
24/06/2015;Sul;11
24/06/2015;Nordeste;36,3
24/06/2015;Norte;0
24/06/2015;Sistema Interligado Nacional;47,2
25/06/2015;Sudeste/Centro-Oeste;0
25/06/2015;Sul;25
25/06/2015;Nordeste;44,4
25/06/2015;Norte;0
25/06/2015;Sistema Interligado Nacional;69,4
26/06/2015;Sudeste/Centro-Oeste;0
26/06/2015;Sul;15,1
26/06/2015;Nordeste;48
26/06/2015;Norte;0
26/06/2015;Sistema Interligado Nacional;63,1
27/06/2015;Sudeste/Centro-Oeste;0
27/06/2015;Sul;4,9
27/06/2015;Nordeste;44
27/06/2015;Norte;0
27/06/2015;Sistema Interligado Nacional;48,9
28/06/2015;Sudeste/Centro-Oeste;0
28/06/2015;Sul;5,2
28/06/2015;Nordeste;45,1
28/06/2015;Norte;0
28/06/2015;Sistema Interligado Nacional;50,2
29/06/2015;Sudeste/Centro-Oeste;0
29/06/2015;Sul;6,3
29/06/2015;Nordeste;39,6
29/06/2015;Norte;0
29/06/2015;Sistema Interligado Nacional;45,9
30/06/2015;Sudeste/Centro-Oeste;0
30/06/2015;Sul;9
30/06/2015;Nordeste;40,3
30/06/2015;Norte;0
30/06/2015;Sistema Interligado Nacional;49,3
01/07/2015;Sudeste/Centro-Oeste;0
01/07/2015;Sul;7,5
01/07/2015;Nordeste;45,8
01/07/2015;Norte;0
01/07/2015;Sistema Interligado Nacional;53,2
02/07/2015;Sudeste/Centro-Oeste;0
02/07/2015;Sul;10,7
02/07/2015;Nordeste;43,6
02/07/2015;Norte;0
02/07/2015;Sistema Interligado Nacional;54,3
03/07/2015;Sudeste/Centro-Oeste;0
03/07/2015;Sul;14,4
03/07/2015;Nordeste;30,6
03/07/2015;Norte;0
03/07/2015;Sistema Interligado Nacional;45
04/07/2015;Sudeste/Centro-Oeste;0
04/07/2015;Sul;21
04/07/2015;Nordeste;21,1
04/07/2015;Norte;0
04/07/2015;Sistema Interligado Nacional;42
05/07/2015;Sudeste/Centro-Oeste;0
05/07/2015;Sul;9,1
05/07/2015;Nordeste;38,9
05/07/2015;Norte;0
05/07/2015;Sistema Interligado Nacional;48
06/07/2015;Sudeste/Centro-Oeste;0
06/07/2015;Sul;13,3
06/07/2015;Nordeste;54,5
06/07/2015;Norte;0
06/07/2015;Sistema Interligado Nacional;67,8
07/07/2015;Sudeste/Centro-Oeste;0
07/07/2015;Sul;7,8
07/07/2015;Nordeste;37,7
07/07/2015;Norte;0
07/07/2015;Sistema Interligado Nacional;45,5
08/07/2015;Sudeste/Centro-Oeste;0
08/07/2015;Sul;7,1
08/07/2015;Nordeste;31,3
08/07/2015;Norte;0
08/07/2015;Sistema Interligado Nacional;38,3
09/07/2015;Sudeste/Centro-Oeste;0
09/07/2015;Sul;8,3
09/07/2015;Nordeste;39,3
09/07/2015;Norte;0
09/07/2015;Sistema Interligado Nacional;47,7
10/07/2015;Sudeste/Centro-Oeste;0
10/07/2015;Sul;3,5
10/07/2015;Nordeste;50,5
10/07/2015;Norte;0
10/07/2015;Sistema Interligado Nacional;54,1
11/07/2015;Sudeste/Centro-Oeste;0
11/07/2015;Sul;3,7
11/07/2015;Nordeste;51,5
11/07/2015;Norte;0
11/07/2015;Sistema Interligado Nacional;55,2
12/07/2015;Sudeste/Centro-Oeste;0
12/07/2015;Sul;8,3
12/07/2015;Nordeste;50,2
12/07/2015;Norte;0
12/07/2015;Sistema Interligado Nacional;58,6
13/07/2015;Sudeste/Centro-Oeste;0
13/07/2015;Sul;16
13/07/2015;Nordeste;51
13/07/2015;Norte;0
13/07/2015;Sistema Interligado Nacional;67
14/07/2015;Sudeste/Centro-Oeste;0
14/07/2015;Sul;9,4
14/07/2015;Nordeste;54,4
14/07/2015;Norte;0
14/07/2015;Sistema Interligado Nacional;63,8
15/07/2015;Sudeste/Centro-Oeste;0
15/07/2015;Sul;3,3
15/07/2015;Nordeste;51
15/07/2015;Norte;0
15/07/2015;Sistema Interligado Nacional;54,3
16/07/2015;Sudeste/Centro-Oeste;0
16/07/2015;Sul;5
16/07/2015;Nordeste;53,6
16/07/2015;Norte;0
16/07/2015;Sistema Interligado Nacional;58,6
17/07/2015;Sudeste/Centro-Oeste;0
17/07/2015;Sul;8,5
17/07/2015;Nordeste;47,1
17/07/2015;Norte;0
17/07/2015;Sistema Interligado Nacional;55,6
18/07/2015;Sudeste/Centro-Oeste;0
18/07/2015;Sul;6,8
18/07/2015;Nordeste;54,8
18/07/2015;Norte;0
18/07/2015;Sistema Interligado Nacional;61,6
19/07/2015;Sudeste/Centro-Oeste;0
19/07/2015;Sul;11,2
19/07/2015;Nordeste;54,6
19/07/2015;Norte;0
19/07/2015;Sistema Interligado Nacional;65,7
20/07/2015;Sudeste/Centro-Oeste;0
20/07/2015;Sul;17
20/07/2015;Nordeste;52
20/07/2015;Norte;0
20/07/2015;Sistema Interligado Nacional;69
21/07/2015;Sudeste/Centro-Oeste;0
21/07/2015;Sul;10,4
21/07/2015;Nordeste;35,7
21/07/2015;Norte;0
21/07/2015;Sistema Interligado Nacional;46,1
22/07/2015;Sudeste/Centro-Oeste;0
22/07/2015;Sul;2,5
22/07/2015;Nordeste;40,9
22/07/2015;Norte;0
22/07/2015;Sistema Interligado Nacional;43,4
23/07/2015;Sudeste/Centro-Oeste;0
23/07/2015;Sul;12
23/07/2015;Nordeste;50,9
23/07/2015;Norte;0
23/07/2015;Sistema Interligado Nacional;62,9
24/07/2015;Sudeste/Centro-Oeste;0
24/07/2015;Sul;8
24/07/2015;Nordeste;48,8
24/07/2015;Norte;0
24/07/2015;Sistema Interligado Nacional;56,9
25/07/2015;Sudeste/Centro-Oeste;0
25/07/2015;Sul;8,2
25/07/2015;Nordeste;52,7
25/07/2015;Norte;0
25/07/2015;Sistema Interligado Nacional;60,9
26/07/2015;Sudeste/Centro-Oeste;0
26/07/2015;Sul;5,6
26/07/2015;Nordeste;39,6
26/07/2015;Norte;0
26/07/2015;Sistema Interligado Nacional;45,2
27/07/2015;Sudeste/Centro-Oeste;0
27/07/2015;Sul;3,2
27/07/2015;Nordeste;44,6
27/07/2015;Norte;0
27/07/2015;Sistema Interligado Nacional;47,8
28/07/2015;Sudeste/Centro-Oeste;0
28/07/2015;Sul;5,7
28/07/2015;Nordeste;46,3
28/07/2015;Norte;0
28/07/2015;Sistema Interligado Nacional;52
29/07/2015;Sudeste/Centro-Oeste;0
29/07/2015;Sul;5,1
29/07/2015;Nordeste;53,7
29/07/2015;Norte;0
29/07/2015;Sistema Interligado Nacional;58,8
30/07/2015;Sudeste/Centro-Oeste;0
30/07/2015;Sul;9,6
30/07/2015;Nordeste;60,2
30/07/2015;Norte;0
30/07/2015;Sistema Interligado Nacional;69,8
31/07/2015;Sudeste/Centro-Oeste;0
31/07/2015;Sul;15,7
31/07/2015;Nordeste;53,3
31/07/2015;Norte;0
31/07/2015;Sistema Interligado Nacional;69
01/08/2015;Sudeste/Centro-Oeste;0
01/08/2015;Sul;8,9
01/08/2015;Nordeste;55,7
01/08/2015;Norte;0
01/08/2015;Sistema Interligado Nacional;64,6
02/08/2015;Sudeste/Centro-Oeste;0
02/08/2015;Sul;11,2
02/08/2015;Nordeste;59,9
02/08/2015;Norte;0
02/08/2015;Sistema Interligado Nacional;71,1
03/08/2015;Sudeste/Centro-Oeste;0
03/08/2015;Sul;10
03/08/2015;Nordeste;62,8
03/08/2015;Norte;0
03/08/2015;Sistema Interligado Nacional;72,8
04/08/2015;Sudeste/Centro-Oeste;0
04/08/2015;Sul;11,8
04/08/2015;Nordeste;58,4
04/08/2015;Norte;0
04/08/2015;Sistema Interligado Nacional;70,2
05/08/2015;Sudeste/Centro-Oeste;0
05/08/2015;Sul;23,3
05/08/2015;Nordeste;47,5
05/08/2015;Norte;0
05/08/2015;Sistema Interligado Nacional;70,8
06/08/2015;Sudeste/Centro-Oeste;0
06/08/2015;Sul;23,1
06/08/2015;Nordeste;52
06/08/2015;Norte;0
06/08/2015;Sistema Interligado Nacional;75
07/08/2015;Sudeste/Centro-Oeste;0
07/08/2015;Sul;16,8
07/08/2015;Nordeste;57,4
07/08/2015;Norte;0
07/08/2015;Sistema Interligado Nacional;74,2
08/08/2015;Sudeste/Centro-Oeste;0
08/08/2015;Sul;12,1
08/08/2015;Nordeste;60,8
08/08/2015;Norte;0
08/08/2015;Sistema Interligado Nacional;73
09/08/2015;Sudeste/Centro-Oeste;0
09/08/2015;Sul;25,7
09/08/2015;Nordeste;67,7
09/08/2015;Norte;0
09/08/2015;Sistema Interligado Nacional;93,4
10/08/2015;Sudeste/Centro-Oeste;0
10/08/2015;Sul;22,4
10/08/2015;Nordeste;69,6
10/08/2015;Norte;0
10/08/2015;Sistema Interligado Nacional;92
11/08/2015;Sudeste/Centro-Oeste;0
11/08/2015;Sul;5,2
11/08/2015;Nordeste;70,7
11/08/2015;Norte;0
11/08/2015;Sistema Interligado Nacional;75,9
12/08/2015;Sudeste/Centro-Oeste;0
12/08/2015;Sul;8,6
12/08/2015;Nordeste;69
12/08/2015;Norte;0
12/08/2015;Sistema Interligado Nacional;77,5
13/08/2015;Sudeste/Centro-Oeste;0
13/08/2015;Sul;9,6
13/08/2015;Nordeste;65,5
13/08/2015;Norte;0
13/08/2015;Sistema Interligado Nacional;75,1
14/08/2015;Sudeste/Centro-Oeste;0
14/08/2015;Sul;3,7
14/08/2015;Nordeste;59
14/08/2015;Norte;0
14/08/2015;Sistema Interligado Nacional;62,8
15/08/2015;Sudeste/Centro-Oeste;0
15/08/2015;Sul;7,5
15/08/2015;Nordeste;67,3
15/08/2015;Norte;0
15/08/2015;Sistema Interligado Nacional;74,8
16/08/2015;Sudeste/Centro-Oeste;0
16/08/2015;Sul;8,1
16/08/2015;Nordeste;70,4
16/08/2015;Norte;0
16/08/2015;Sistema Interligado Nacional;78,5
17/08/2015;Sudeste/Centro-Oeste;0
17/08/2015;Sul;16,8
17/08/2015;Nordeste;71,7
17/08/2015;Norte;0
17/08/2015;Sistema Interligado Nacional;88,5
18/08/2015;Sudeste/Centro-Oeste;0
18/08/2015;Sul;8,3
18/08/2015;Nordeste;72,4
18/08/2015;Norte;0
18/08/2015;Sistema Interligado Nacional;80,7
19/08/2015;Sudeste/Centro-Oeste;0
19/08/2015;Sul;15,1
19/08/2015;Nordeste;66,6
19/08/2015;Norte;0
19/08/2015;Sistema Interligado Nacional;81,7
20/08/2015;Sudeste/Centro-Oeste;0
20/08/2015;Sul;9,3
20/08/2015;Nordeste;43,9
20/08/2015;Norte;0
20/08/2015;Sistema Interligado Nacional;53,2
21/08/2015;Sudeste/Centro-Oeste;0
21/08/2015;Sul;22,3
21/08/2015;Nordeste;45,6
21/08/2015;Norte;0
21/08/2015;Sistema Interligado Nacional;67,8
22/08/2015;Sudeste/Centro-Oeste;0
22/08/2015;Sul;15,3
22/08/2015;Nordeste;60,3
22/08/2015;Norte;0
22/08/2015;Sistema Interligado Nacional;75,6
23/08/2015;Sudeste/Centro-Oeste;0
23/08/2015;Sul;18
23/08/2015;Nordeste;69,7
23/08/2015;Norte;0
23/08/2015;Sistema Interligado Nacional;87,7
24/08/2015;Sudeste/Centro-Oeste;0
24/08/2015;Sul;6
24/08/2015;Nordeste;58,2
24/08/2015;Norte;0
24/08/2015;Sistema Interligado Nacional;64,2
25/08/2015;Sudeste/Centro-Oeste;0
25/08/2015;Sul;21,8
25/08/2015;Nordeste;54,2
25/08/2015;Norte;0
25/08/2015;Sistema Interligado Nacional;76
26/08/2015;Sudeste/Centro-Oeste;0
26/08/2015;Sul;21
26/08/2015;Nordeste;46,4
26/08/2015;Norte;0
26/08/2015;Sistema Interligado Nacional;67,3
27/08/2015;Sudeste/Centro-Oeste;0
27/08/2015;Sul;18,9
27/08/2015;Nordeste;55,3
27/08/2015;Norte;0
27/08/2015;Sistema Interligado Nacional;74,2
28/08/2015;Sudeste/Centro-Oeste;0
28/08/2015;Sul;8,8
28/08/2015;Nordeste;70
28/08/2015;Norte;0
28/08/2015;Sistema Interligado Nacional;78,8
29/08/2015;Sudeste/Centro-Oeste;0
29/08/2015;Sul;13,3
29/08/2015;Nordeste;66,3
29/08/2015;Norte;0
29/08/2015;Sistema Interligado Nacional;79,7
30/08/2015;Sudeste/Centro-Oeste;0
30/08/2015;Sul;6,9
30/08/2015;Nordeste;66,9
30/08/2015;Norte;0
30/08/2015;Sistema Interligado Nacional;73,8
31/08/2015;Sudeste/Centro-Oeste;0
31/08/2015;Sul;13
31/08/2015;Nordeste;67,2
31/08/2015;Norte;0
31/08/2015;Sistema Interligado Nacional;80,2
01/09/2015;Sudeste/Centro-Oeste;0
01/09/2015;Sul;16,4
01/09/2015;Nordeste;50,8
01/09/2015;Norte;0
01/09/2015;Sistema Interligado Nacional;67,1
02/09/2015;Sudeste/Centro-Oeste;0
02/09/2015;Sul;11
02/09/2015;Nordeste;47,2
02/09/2015;Norte;0
02/09/2015;Sistema Interligado Nacional;58,2
03/09/2015;Sudeste/Centro-Oeste;0
03/09/2015;Sul;9,1
03/09/2015;Nordeste;48,6
03/09/2015;Norte;0
03/09/2015;Sistema Interligado Nacional;57,7
04/09/2015;Sudeste/Centro-Oeste;0
04/09/2015;Sul;3,3
04/09/2015;Nordeste;42,6
04/09/2015;Norte;0
04/09/2015;Sistema Interligado Nacional;45,9
05/09/2015;Sudeste/Centro-Oeste;0
05/09/2015;Sul;4,9
05/09/2015;Nordeste;42,3
05/09/2015;Norte;0
05/09/2015;Sistema Interligado Nacional;47,2
06/09/2015;Sudeste/Centro-Oeste;0
06/09/2015;Sul;5,8
06/09/2015;Nordeste;53,9
06/09/2015;Norte;0
06/09/2015;Sistema Interligado Nacional;59,6
07/09/2015;Sudeste/Centro-Oeste;0
07/09/2015;Sul;6,9
07/09/2015;Nordeste;56,5
07/09/2015;Norte;0
07/09/2015;Sistema Interligado Nacional;63,4
08/09/2015;Sudeste/Centro-Oeste;0
08/09/2015;Sul;6,9
08/09/2015;Nordeste;49,8
08/09/2015;Norte;0
08/09/2015;Sistema Interligado Nacional;56,7
09/09/2015;Sudeste/Centro-Oeste;0
09/09/2015;Sul;6
09/09/2015;Nordeste;47,1
09/09/2015;Norte;0
09/09/2015;Sistema Interligado Nacional;53,1
10/09/2015;Sudeste/Centro-Oeste;0
10/09/2015;Sul;12,5
10/09/2015;Nordeste;62,6
10/09/2015;Norte;0
10/09/2015;Sistema Interligado Nacional;75,1
11/09/2015;Sudeste/Centro-Oeste;0
11/09/2015;Sul;19,9
11/09/2015;Nordeste;52,3
11/09/2015;Norte;0
11/09/2015;Sistema Interligado Nacional;72,2
12/09/2015;Sudeste/Centro-Oeste;0
12/09/2015;Sul;13,6
12/09/2015;Nordeste;50,3
12/09/2015;Norte;0
12/09/2015;Sistema Interligado Nacional;63,9
13/09/2015;Sudeste/Centro-Oeste;0
13/09/2015;Sul;5,4
13/09/2015;Nordeste;59
13/09/2015;Norte;0
13/09/2015;Sistema Interligado Nacional;64,4
14/09/2015;Sudeste/Centro-Oeste;0
14/09/2015;Sul;10,3
14/09/2015;Nordeste;62,3
14/09/2015;Norte;0
14/09/2015;Sistema Interligado Nacional;72,7
15/09/2015;Sudeste/Centro-Oeste;0
15/09/2015;Sul;16,9
15/09/2015;Nordeste;66,1
15/09/2015;Norte;0
15/09/2015;Sistema Interligado Nacional;83
16/09/2015;Sudeste/Centro-Oeste;0
16/09/2015;Sul;11,4
16/09/2015;Nordeste;64,6
16/09/2015;Norte;0
16/09/2015;Sistema Interligado Nacional;76
17/09/2015;Sudeste/Centro-Oeste;0
17/09/2015;Sul;9,3
17/09/2015;Nordeste;59,5
17/09/2015;Norte;0
17/09/2015;Sistema Interligado Nacional;68,8
18/09/2015;Sudeste/Centro-Oeste;0
18/09/2015;Sul;9,5
18/09/2015;Nordeste;61,6
18/09/2015;Norte;0
18/09/2015;Sistema Interligado Nacional;71,1
19/09/2015;Sudeste/Centro-Oeste;0
19/09/2015;Sul;9,2
19/09/2015;Nordeste;60,2
19/09/2015;Norte;0
19/09/2015;Sistema Interligado Nacional;69,3
20/09/2015;Sudeste/Centro-Oeste;0
20/09/2015;Sul;10,5
20/09/2015;Nordeste;61,4
20/09/2015;Norte;0
20/09/2015;Sistema Interligado Nacional;71,9
21/09/2015;Sudeste/Centro-Oeste;0
21/09/2015;Sul;21,3
21/09/2015;Nordeste;67,5
21/09/2015;Norte;0
21/09/2015;Sistema Interligado Nacional;88,8
22/09/2015;Sudeste/Centro-Oeste;0
22/09/2015;Sul;21,1
22/09/2015;Nordeste;64,9
22/09/2015;Norte;0
22/09/2015;Sistema Interligado Nacional;86
23/09/2015;Sudeste/Centro-Oeste;0
23/09/2015;Sul;16
23/09/2015;Nordeste;59,8
23/09/2015;Norte;0
23/09/2015;Sistema Interligado Nacional;75,8
24/09/2015;Sudeste/Centro-Oeste;0
24/09/2015;Sul;14
24/09/2015;Nordeste;62,1
24/09/2015;Norte;0
24/09/2015;Sistema Interligado Nacional;76,1
25/09/2015;Sudeste/Centro-Oeste;0
25/09/2015;Sul;11,2
25/09/2015;Nordeste;55,1
25/09/2015;Norte;0
25/09/2015;Sistema Interligado Nacional;66,3
26/09/2015;Sudeste/Centro-Oeste;0
26/09/2015;Sul;11,7
26/09/2015;Nordeste;57,6
26/09/2015;Norte;0
26/09/2015;Sistema Interligado Nacional;69,3
27/09/2015;Sudeste/Centro-Oeste;0
27/09/2015;Sul;8,8
27/09/2015;Nordeste;68,1
27/09/2015;Norte;0
27/09/2015;Sistema Interligado Nacional;77
28/09/2015;Sudeste/Centro-Oeste;0
28/09/2015;Sul;6,7
28/09/2015;Nordeste;55,6
28/09/2015;Norte;0
28/09/2015;Sistema Interligado Nacional;62,3
29/09/2015;Sudeste/Centro-Oeste;0
29/09/2015;Sul;9,3
29/09/2015;Nordeste;58
29/09/2015;Norte;0
29/09/2015;Sistema Interligado Nacional;67,3
30/09/2015;Sudeste/Centro-Oeste;0
30/09/2015;Sul;4,5
30/09/2015;Nordeste;62,9
30/09/2015;Norte;0
30/09/2015;Sistema Interligado Nacional;67,4
01/10/2015;Sudeste/Centro-Oeste;0
01/10/2015;Sul;13,8
01/10/2015;Nordeste;61,4
01/10/2015;Norte;0
01/10/2015;Sistema Interligado Nacional;75,2
02/10/2015;Sudeste/Centro-Oeste;0
02/10/2015;Sul;19,5
02/10/2015;Nordeste;62,1
02/10/2015;Norte;0
02/10/2015;Sistema Interligado Nacional;81,7
03/10/2015;Sudeste/Centro-Oeste;0
03/10/2015;Sul;14,5
03/10/2015;Nordeste;59,7
03/10/2015;Norte;0
03/10/2015;Sistema Interligado Nacional;74,2
04/10/2015;Sudeste/Centro-Oeste;0
04/10/2015;Sul;7,5
04/10/2015;Nordeste;50,7
04/10/2015;Norte;0
04/10/2015;Sistema Interligado Nacional;58,2
05/10/2015;Sudeste/Centro-Oeste;0
05/10/2015;Sul;12,9
05/10/2015;Nordeste;31,5
05/10/2015;Norte;0
05/10/2015;Sistema Interligado Nacional;44,4
06/10/2015;Sudeste/Centro-Oeste;0
06/10/2015;Sul;20,1
06/10/2015;Nordeste;35,9
06/10/2015;Norte;0
06/10/2015;Sistema Interligado Nacional;56
07/10/2015;Sudeste/Centro-Oeste;0
07/10/2015;Sul;11,1
07/10/2015;Nordeste;50,9
07/10/2015;Norte;0
07/10/2015;Sistema Interligado Nacional;62
08/10/2015;Sudeste/Centro-Oeste;0
08/10/2015;Sul;18,2
08/10/2015;Nordeste;67,3
08/10/2015;Norte;0
08/10/2015;Sistema Interligado Nacional;85,5
09/10/2015;Sudeste/Centro-Oeste;0
09/10/2015;Sul;18,4
09/10/2015;Nordeste;63,2
09/10/2015;Norte;0
09/10/2015;Sistema Interligado Nacional;81,6
10/10/2015;Sudeste/Centro-Oeste;0
10/10/2015;Sul;21
10/10/2015;Nordeste;67,6
10/10/2015;Norte;0
10/10/2015;Sistema Interligado Nacional;88,6
11/10/2015;Sudeste/Centro-Oeste;0
11/10/2015;Sul;13,4
11/10/2015;Nordeste;72
11/10/2015;Norte;0
11/10/2015;Sistema Interligado Nacional;85,4
12/10/2015;Sudeste/Centro-Oeste;0
12/10/2015;Sul;11,8
12/10/2015;Nordeste;70
12/10/2015;Norte;0
12/10/2015;Sistema Interligado Nacional;81,7
13/10/2015;Sudeste/Centro-Oeste;0
13/10/2015;Sul;6
13/10/2015;Nordeste;61
13/10/2015;Norte;0
13/10/2015;Sistema Interligado Nacional;67
14/10/2015;Sudeste/Centro-Oeste;0
14/10/2015;Sul;22,4
14/10/2015;Nordeste;66,6
14/10/2015;Norte;0
14/10/2015;Sistema Interligado Nacional;89
15/10/2015;Sudeste/Centro-Oeste;0
15/10/2015;Sul;16,9
15/10/2015;Nordeste;64,2
15/10/2015;Norte;0
15/10/2015;Sistema Interligado Nacional;81,1
16/10/2015;Sudeste/Centro-Oeste;0
16/10/2015;Sul;13,4
16/10/2015;Nordeste;64,3
16/10/2015;Norte;0
16/10/2015;Sistema Interligado Nacional;77,7
17/10/2015;Sudeste/Centro-Oeste;0
17/10/2015;Sul;11,7
17/10/2015;Nordeste;54,1
17/10/2015;Norte;0
17/10/2015;Sistema Interligado Nacional;65,8
18/10/2015;Sudeste/Centro-Oeste;0
18/10/2015;Sul;5,4
18/10/2015;Nordeste;53,6
18/10/2015;Norte;0
18/10/2015;Sistema Interligado Nacional;59
19/10/2015;Sudeste/Centro-Oeste;0
19/10/2015;Sul;21,8
19/10/2015;Nordeste;64,4
19/10/2015;Norte;0
19/10/2015;Sistema Interligado Nacional;86,2
20/10/2015;Sudeste/Centro-Oeste;0
20/10/2015;Sul;18,3
20/10/2015;Nordeste;65,9
20/10/2015;Norte;0
20/10/2015;Sistema Interligado Nacional;84,3
21/10/2015;Sudeste/Centro-Oeste;0
21/10/2015;Sul;7,8
21/10/2015;Nordeste;55,3
21/10/2015;Norte;0
21/10/2015;Sistema Interligado Nacional;63,1
22/10/2015;Sudeste/Centro-Oeste;0
22/10/2015;Sul;6,4
22/10/2015;Nordeste;54,9
22/10/2015;Norte;0
22/10/2015;Sistema Interligado Nacional;61,3
23/10/2015;Sudeste/Centro-Oeste;0
23/10/2015;Sul;7,8
23/10/2015;Nordeste;53,9
23/10/2015;Norte;0
23/10/2015;Sistema Interligado Nacional;61,7
24/10/2015;Sudeste/Centro-Oeste;0
24/10/2015;Sul;8,8
24/10/2015;Nordeste;51,8
24/10/2015;Norte;0
24/10/2015;Sistema Interligado Nacional;60,6
25/10/2015;Sudeste/Centro-Oeste;0
25/10/2015;Sul;20,7
25/10/2015;Nordeste;54,6
25/10/2015;Norte;0
25/10/2015;Sistema Interligado Nacional;75,3
26/10/2015;Sudeste/Centro-Oeste;0
26/10/2015;Sul;17
26/10/2015;Nordeste;66,2
26/10/2015;Norte;0
26/10/2015;Sistema Interligado Nacional;83,1
27/10/2015;Sudeste/Centro-Oeste;0
27/10/2015;Sul;10,7
27/10/2015;Nordeste;69,3
27/10/2015;Norte;0
27/10/2015;Sistema Interligado Nacional;80,1
28/10/2015;Sudeste/Centro-Oeste;0
28/10/2015;Sul;21
28/10/2015;Nordeste;56,5
28/10/2015;Norte;0
28/10/2015;Sistema Interligado Nacional;77,4
29/10/2015;Sudeste/Centro-Oeste;0
29/10/2015;Sul;24,1
29/10/2015;Nordeste;46,3
29/10/2015;Norte;0
29/10/2015;Sistema Interligado Nacional;70,4
30/10/2015;Sudeste/Centro-Oeste;0
30/10/2015;Sul;13,6
30/10/2015;Nordeste;45,7
30/10/2015;Norte;0
30/10/2015;Sistema Interligado Nacional;59,4
31/10/2015;Sudeste/Centro-Oeste;0
31/10/2015;Sul;16,3
31/10/2015;Nordeste;48,1
31/10/2015;Norte;0
31/10/2015;Sistema Interligado Nacional;64,4
01/11/2015;Sudeste/Centro-Oeste;0
01/11/2015;Sul;14,4
01/11/2015;Nordeste;54,5
01/11/2015;Norte;0
01/11/2015;Sistema Interligado Nacional;68,9
02/11/2015;Sudeste/Centro-Oeste;0
02/11/2015;Sul;24,4
02/11/2015;Nordeste;72,5
02/11/2015;Norte;0
02/11/2015;Sistema Interligado Nacional;96,9
03/11/2015;Sudeste/Centro-Oeste;0
03/11/2015;Sul;10,4
03/11/2015;Nordeste;68,3
03/11/2015;Norte;0
03/11/2015;Sistema Interligado Nacional;78,7
04/11/2015;Sudeste/Centro-Oeste;0
04/11/2015;Sul;12,5
04/11/2015;Nordeste;58,2
04/11/2015;Norte;0
04/11/2015;Sistema Interligado Nacional;70,7
05/11/2015;Sudeste/Centro-Oeste;0
05/11/2015;Sul;8,2
05/11/2015;Nordeste;52,7
05/11/2015;Norte;0
05/11/2015;Sistema Interligado Nacional;60,9
06/11/2015;Sudeste/Centro-Oeste;0
06/11/2015;Sul;2,3
06/11/2015;Nordeste;50,1
06/11/2015;Norte;0
06/11/2015;Sistema Interligado Nacional;52,4
07/11/2015;Sudeste/Centro-Oeste;0
07/11/2015;Sul;9,7
07/11/2015;Nordeste;58,3
07/11/2015;Norte;0
07/11/2015;Sistema Interligado Nacional;68
08/11/2015;Sudeste/Centro-Oeste;0
08/11/2015;Sul;21,8
08/11/2015;Nordeste;60,3
08/11/2015;Norte;0
08/11/2015;Sistema Interligado Nacional;82,1
09/11/2015;Sudeste/Centro-Oeste;0
09/11/2015;Sul;8,2
09/11/2015;Nordeste;58,4
09/11/2015;Norte;0
09/11/2015;Sistema Interligado Nacional;66,6
10/11/2015;Sudeste/Centro-Oeste;0
10/11/2015;Sul;10,7
10/11/2015;Nordeste;63,5
10/11/2015;Norte;0
10/11/2015;Sistema Interligado Nacional;74,2
11/11/2015;Sudeste/Centro-Oeste;0
11/11/2015;Sul;7,7
11/11/2015;Nordeste;74,3
11/11/2015;Norte;0
11/11/2015;Sistema Interligado Nacional;82,1
12/11/2015;Sudeste/Centro-Oeste;0
12/11/2015;Sul;13
12/11/2015;Nordeste;54,7
12/11/2015;Norte;0
12/11/2015;Sistema Interligado Nacional;67,7
13/11/2015;Sudeste/Centro-Oeste;0
13/11/2015;Sul;23,9
13/11/2015;Nordeste;40
13/11/2015;Norte;0
13/11/2015;Sistema Interligado Nacional;63,9
14/11/2015;Sudeste/Centro-Oeste;0
14/11/2015;Sul;23,5
14/11/2015;Nordeste;35,9
14/11/2015;Norte;0
14/11/2015;Sistema Interligado Nacional;59,4
15/11/2015;Sudeste/Centro-Oeste;0
15/11/2015;Sul;5,6
15/11/2015;Nordeste;27
15/11/2015;Norte;0
15/11/2015;Sistema Interligado Nacional;32,6
16/11/2015;Sudeste/Centro-Oeste;0
16/11/2015;Sul;23,1
16/11/2015;Nordeste;38,5
16/11/2015;Norte;0
16/11/2015;Sistema Interligado Nacional;61,6
17/11/2015;Sudeste/Centro-Oeste;0
17/11/2015;Sul;21,7
17/11/2015;Nordeste;39,8
17/11/2015;Norte;0
17/11/2015;Sistema Interligado Nacional;61,5
18/11/2015;Sudeste/Centro-Oeste;0
18/11/2015;Sul;4,8
18/11/2015;Nordeste;33,9
18/11/2015;Norte;0
18/11/2015;Sistema Interligado Nacional;38,7
19/11/2015;Sudeste/Centro-Oeste;0
19/11/2015;Sul;6,1
19/11/2015;Nordeste;37,2
19/11/2015;Norte;0
19/11/2015;Sistema Interligado Nacional;43,2
20/11/2015;Sudeste/Centro-Oeste;0
20/11/2015;Sul;26,3
20/11/2015;Nordeste;40,1
20/11/2015;Norte;0
20/11/2015;Sistema Interligado Nacional;66,4
21/11/2015;Sudeste/Centro-Oeste;0
21/11/2015;Sul;6,5
21/11/2015;Nordeste;35,7
21/11/2015;Norte;0
21/11/2015;Sistema Interligado Nacional;42,1
22/11/2015;Sudeste/Centro-Oeste;0
22/11/2015;Sul;7,5
22/11/2015;Nordeste;43,9
22/11/2015;Norte;0
22/11/2015;Sistema Interligado Nacional;51,4
23/11/2015;Sudeste/Centro-Oeste;0
23/11/2015;Sul;11,5
23/11/2015;Nordeste;36,8
23/11/2015;Norte;0
23/11/2015;Sistema Interligado Nacional;48,3
24/11/2015;Sudeste/Centro-Oeste;0
24/11/2015;Sul;23
24/11/2015;Nordeste;32,5
24/11/2015;Norte;0
24/11/2015;Sistema Interligado Nacional;55,5
25/11/2015;Sudeste/Centro-Oeste;0
25/11/2015;Sul;27,2
25/11/2015;Nordeste;30,7
25/11/2015;Norte;0
25/11/2015;Sistema Interligado Nacional;57,9
26/11/2015;Sudeste/Centro-Oeste;0
26/11/2015;Sul;28,4
26/11/2015;Nordeste;25,9
26/11/2015;Norte;0
26/11/2015;Sistema Interligado Nacional;54,3
27/11/2015;Sudeste/Centro-Oeste;0
27/11/2015;Sul;24,5
27/11/2015;Nordeste;31,2
27/11/2015;Norte;0
27/11/2015;Sistema Interligado Nacional;55,7
28/11/2015;Sudeste/Centro-Oeste;0
28/11/2015;Sul;14,8
28/11/2015;Nordeste;45,6
28/11/2015;Norte;0
28/11/2015;Sistema Interligado Nacional;60,4
29/11/2015;Sudeste/Centro-Oeste;0
29/11/2015;Sul;9,5
29/11/2015;Nordeste;43,7
29/11/2015;Norte;0
29/11/2015;Sistema Interligado Nacional;53,2
30/11/2015;Sudeste/Centro-Oeste;0
30/11/2015;Sul;5,2
30/11/2015;Nordeste;59
30/11/2015;Norte;0
30/11/2015;Sistema Interligado Nacional;64,2
01/12/2015;Sudeste/Centro-Oeste;0
01/12/2015;Sul;13,8
01/12/2015;Nordeste;63,8
01/12/2015;Norte;0
01/12/2015;Sistema Interligado Nacional;77,6
02/12/2015;Sudeste/Centro-Oeste;0
02/12/2015;Sul;10,9
02/12/2015;Nordeste;56,5
02/12/2015;Norte;0
02/12/2015;Sistema Interligado Nacional;67,4
03/12/2015;Sudeste/Centro-Oeste;0
03/12/2015;Sul;23,8
03/12/2015;Nordeste;45,2
03/12/2015;Norte;0
03/12/2015;Sistema Interligado Nacional;69
04/12/2015;Sudeste/Centro-Oeste;0
04/12/2015;Sul;15,5
04/12/2015;Nordeste;29,5
04/12/2015;Norte;0
04/12/2015;Sistema Interligado Nacional;44,9
05/12/2015;Sudeste/Centro-Oeste;0
05/12/2015;Sul;18,4
05/12/2015;Nordeste;23,6
05/12/2015;Norte;0
05/12/2015;Sistema Interligado Nacional;42
06/12/2015;Sudeste/Centro-Oeste;0
06/12/2015;Sul;12,3
06/12/2015;Nordeste;27,3
06/12/2015;Norte;0
06/12/2015;Sistema Interligado Nacional;39,5
07/12/2015;Sudeste/Centro-Oeste;0
07/12/2015;Sul;3,9
07/12/2015;Nordeste;39,2
07/12/2015;Norte;0
07/12/2015;Sistema Interligado Nacional;43,1
08/12/2015;Sudeste/Centro-Oeste;0
08/12/2015;Sul;19,5
08/12/2015;Nordeste;49,7
08/12/2015;Norte;0
08/12/2015;Sistema Interligado Nacional;69,2
09/12/2015;Sudeste/Centro-Oeste;0
09/12/2015;Sul;9,5
09/12/2015;Nordeste;66,2
09/12/2015;Norte;0
09/12/2015;Sistema Interligado Nacional;75,7
10/12/2015;Sudeste/Centro-Oeste;0
10/12/2015;Sul;4,3
10/12/2015;Nordeste;65,6
10/12/2015;Norte;0
10/12/2015;Sistema Interligado Nacional;69,8
11/12/2015;Sudeste/Centro-Oeste;0
11/12/2015;Sul;11,9
11/12/2015;Nordeste;53,6
11/12/2015;Norte;0
11/12/2015;Sistema Interligado Nacional;65,5
12/12/2015;Sudeste/Centro-Oeste;0
12/12/2015;Sul;12,5
12/12/2015;Nordeste;53,1
12/12/2015;Norte;0
12/12/2015;Sistema Interligado Nacional;65,6
13/12/2015;Sudeste/Centro-Oeste;0
13/12/2015;Sul;9,6
13/12/2015;Nordeste;56,8
13/12/2015;Norte;0
13/12/2015;Sistema Interligado Nacional;66,4
14/12/2015;Sudeste/Centro-Oeste;0
14/12/2015;Sul;7,7
14/12/2015;Nordeste;68,1
14/12/2015;Norte;0
14/12/2015;Sistema Interligado Nacional;75,8
15/12/2015;Sudeste/Centro-Oeste;0
15/12/2015;Sul;15,8
15/12/2015;Nordeste;60,7
15/12/2015;Norte;0
15/12/2015;Sistema Interligado Nacional;76,5
16/12/2015;Sudeste/Centro-Oeste;0
16/12/2015;Sul;10,2
16/12/2015;Nordeste;57,9
16/12/2015;Norte;0
16/12/2015;Sistema Interligado Nacional;68,1
17/12/2015;Sudeste/Centro-Oeste;0
17/12/2015;Sul;20,5
17/12/2015;Nordeste;50,2
17/12/2015;Norte;0
17/12/2015;Sistema Interligado Nacional;70,7
18/12/2015;Sudeste/Centro-Oeste;0
18/12/2015;Sul;8,2
18/12/2015;Nordeste;55,2
18/12/2015;Norte;0
18/12/2015;Sistema Interligado Nacional;63,4
19/12/2015;Sudeste/Centro-Oeste;0
19/12/2015;Sul;8,9
19/12/2015;Nordeste;61,9
19/12/2015;Norte;0
19/12/2015;Sistema Interligado Nacional;70,8
20/12/2015;Sudeste/Centro-Oeste;0
20/12/2015;Sul;11,6
20/12/2015;Nordeste;60,4
20/12/2015;Norte;0
20/12/2015;Sistema Interligado Nacional;72
21/12/2015;Sudeste/Centro-Oeste;0
21/12/2015;Sul;27,2
21/12/2015;Nordeste;61,8
21/12/2015;Norte;0
21/12/2015;Sistema Interligado Nacional;89
22/12/2015;Sudeste/Centro-Oeste;0
22/12/2015;Sul;16,2
22/12/2015;Nordeste;65,3
22/12/2015;Norte;0
22/12/2015;Sistema Interligado Nacional;81,5
23/12/2015;Sudeste/Centro-Oeste;0
23/12/2015;Sul;6,3
23/12/2015;Nordeste;71,9
23/12/2015;Norte;0
23/12/2015;Sistema Interligado Nacional;78,2
24/12/2015;Sudeste/Centro-Oeste;0
24/12/2015;Sul;9,5
24/12/2015;Nordeste;56,2
24/12/2015;Norte;0
24/12/2015;Sistema Interligado Nacional;65,8
25/12/2015;Sudeste/Centro-Oeste;0
25/12/2015;Sul;8,9
25/12/2015;Nordeste;47,7
25/12/2015;Norte;0
25/12/2015;Sistema Interligado Nacional;56,6
26/12/2015;Sudeste/Centro-Oeste;0
26/12/2015;Sul;4,2
26/12/2015;Nordeste;59
26/12/2015;Norte;0
26/12/2015;Sistema Interligado Nacional;63,3
27/12/2015;Sudeste/Centro-Oeste;0
27/12/2015;Sul;1,4
27/12/2015;Nordeste;56,5
27/12/2015;Norte;0
27/12/2015;Sistema Interligado Nacional;57,9
28/12/2015;Sudeste/Centro-Oeste;0
28/12/2015;Sul;5,7
28/12/2015;Nordeste;39,5
28/12/2015;Norte;0
28/12/2015;Sistema Interligado Nacional;45,2
29/12/2015;Sudeste/Centro-Oeste;0
29/12/2015;Sul;18,7
29/12/2015;Nordeste;45,8
29/12/2015;Norte;0
29/12/2015;Sistema Interligado Nacional;64,5
30/12/2015;Sudeste/Centro-Oeste;0
30/12/2015;Sul;12,3
30/12/2015;Nordeste;57,2
30/12/2015;Norte;0
30/12/2015;Sistema Interligado Nacional;69,5
31/12/2015;Sudeste/Centro-Oeste;0
31/12/2015;Sul;17,8
31/12/2015;Nordeste;59,2
31/12/2015;Norte;0
31/12/2015;Sistema Interligado Nacional;77
01/01/2016;Sudeste/Centro-Oeste;0
01/01/2016;Sul;11,6
01/01/2016;Nordeste;35,8
01/01/2016;Norte;0
01/01/2016;Sistema Interligado Nacional;47,4
02/01/2016;Sudeste/Centro-Oeste;0
02/01/2016;Sul;22,7
02/01/2016;Nordeste;25
02/01/2016;Norte;0
02/01/2016;Sistema Interligado Nacional;47,7
03/01/2016;Sudeste/Centro-Oeste;0
03/01/2016;Sul;27,4
03/01/2016;Nordeste;25,6
03/01/2016;Norte;0
03/01/2016;Sistema Interligado Nacional;53,1
04/01/2016;Sudeste/Centro-Oeste;0
04/01/2016;Sul;29,8
04/01/2016;Nordeste;22,7
04/01/2016;Norte;0
04/01/2016;Sistema Interligado Nacional;52,5
05/01/2016;Sudeste/Centro-Oeste;0
05/01/2016;Sul;20,7
05/01/2016;Nordeste;20,6
05/01/2016;Norte;0
05/01/2016;Sistema Interligado Nacional;41,2
06/01/2016;Sudeste/Centro-Oeste;0
06/01/2016;Sul;11,2
06/01/2016;Nordeste;22,5
06/01/2016;Norte;0
06/01/2016;Sistema Interligado Nacional;33,6
07/01/2016;Sudeste/Centro-Oeste;0
07/01/2016;Sul;12,8
07/01/2016;Nordeste;14,7
07/01/2016;Norte;0
07/01/2016;Sistema Interligado Nacional;27,6
08/01/2016;Sudeste/Centro-Oeste;0
08/01/2016;Sul;4,3
08/01/2016;Nordeste;18,5
08/01/2016;Norte;0
08/01/2016;Sistema Interligado Nacional;22,8
09/01/2016;Sudeste/Centro-Oeste;0
09/01/2016;Sul;8,3
09/01/2016;Nordeste;24,9
09/01/2016;Norte;0
09/01/2016;Sistema Interligado Nacional;33,2
10/01/2016;Sudeste/Centro-Oeste;0
10/01/2016;Sul;11,2
10/01/2016;Nordeste;47,2
10/01/2016;Norte;0
10/01/2016;Sistema Interligado Nacional;58,4
11/01/2016;Sudeste/Centro-Oeste;0
11/01/2016;Sul;4,2
11/01/2016;Nordeste;48,4
11/01/2016;Norte;0
11/01/2016;Sistema Interligado Nacional;52,5
12/01/2016;Sudeste/Centro-Oeste;0
12/01/2016;Sul;4,3
12/01/2016;Nordeste;36,3
12/01/2016;Norte;0
12/01/2016;Sistema Interligado Nacional;40,6
13/01/2016;Sudeste/Centro-Oeste;0
13/01/2016;Sul;13,9
13/01/2016;Nordeste;23,8
13/01/2016;Norte;0
13/01/2016;Sistema Interligado Nacional;37,7
14/01/2016;Sudeste/Centro-Oeste;0
14/01/2016;Sul;13,2
14/01/2016;Nordeste;13,1
14/01/2016;Norte;0
14/01/2016;Sistema Interligado Nacional;26,3
15/01/2016;Sudeste/Centro-Oeste;0
15/01/2016;Sul;10,2
15/01/2016;Nordeste;12,9
15/01/2016;Norte;0
15/01/2016;Sistema Interligado Nacional;23,1
16/01/2016;Sudeste/Centro-Oeste;0
16/01/2016;Sul;5,4
16/01/2016;Nordeste;15,7
16/01/2016;Norte;0
16/01/2016;Sistema Interligado Nacional;21,1
17/01/2016;Sudeste/Centro-Oeste;0
17/01/2016;Sul;7,1
17/01/2016;Nordeste;12,9
17/01/2016;Norte;0
17/01/2016;Sistema Interligado Nacional;20,1
18/01/2016;Sudeste/Centro-Oeste;0
18/01/2016;Sul;9,1
18/01/2016;Nordeste;13,4
18/01/2016;Norte;0
18/01/2016;Sistema Interligado Nacional;22,6
19/01/2016;Sudeste/Centro-Oeste;0
19/01/2016;Sul;7,9
19/01/2016;Nordeste;13,5
19/01/2016;Norte;0
19/01/2016;Sistema Interligado Nacional;21,3
20/01/2016;Sudeste/Centro-Oeste;0
20/01/2016;Sul;6,8
20/01/2016;Nordeste;18,9
20/01/2016;Norte;0
20/01/2016;Sistema Interligado Nacional;25,7
21/01/2016;Sudeste/Centro-Oeste;0
21/01/2016;Sul;15,4
21/01/2016;Nordeste;22,3
21/01/2016;Norte;0
21/01/2016;Sistema Interligado Nacional;37,8
22/01/2016;Sudeste/Centro-Oeste;0
22/01/2016;Sul;25,9
22/01/2016;Nordeste;14,4
22/01/2016;Norte;0
22/01/2016;Sistema Interligado Nacional;40,3
23/01/2016;Sudeste/Centro-Oeste;0
23/01/2016;Sul;11,2
23/01/2016;Nordeste;24,1
23/01/2016;Norte;0
23/01/2016;Sistema Interligado Nacional;35,3
24/01/2016;Sudeste/Centro-Oeste;0
24/01/2016;Sul;21,4
24/01/2016;Nordeste;23
24/01/2016;Norte;0
24/01/2016;Sistema Interligado Nacional;44,5
25/01/2016;Sudeste/Centro-Oeste;0
25/01/2016;Sul;14,8
25/01/2016;Nordeste;36,1
25/01/2016;Norte;0
25/01/2016;Sistema Interligado Nacional;50,9
26/01/2016;Sudeste/Centro-Oeste;0
26/01/2016;Sul;9,3
26/01/2016;Nordeste;38,8
26/01/2016;Norte;0
26/01/2016;Sistema Interligado Nacional;48,1
27/01/2016;Sudeste/Centro-Oeste;0
27/01/2016;Sul;5,7
27/01/2016;Nordeste;42,8
27/01/2016;Norte;0
27/01/2016;Sistema Interligado Nacional;48,5
28/01/2016;Sudeste/Centro-Oeste;0
28/01/2016;Sul;21
28/01/2016;Nordeste;41,1
28/01/2016;Norte;0
28/01/2016;Sistema Interligado Nacional;62,1
29/01/2016;Sudeste/Centro-Oeste;0
29/01/2016;Sul;14,5
29/01/2016;Nordeste;59,1
29/01/2016;Norte;0
29/01/2016;Sistema Interligado Nacional;73,6
30/01/2016;Sudeste/Centro-Oeste;0
30/01/2016;Sul;9,9
30/01/2016;Nordeste;63,7
30/01/2016;Norte;0
30/01/2016;Sistema Interligado Nacional;73,6
31/01/2016;Sudeste/Centro-Oeste;0
31/01/2016;Sul;8,8
31/01/2016;Nordeste;53,6
31/01/2016;Norte;0
31/01/2016;Sistema Interligado Nacional;62,5
01/02/2016;Sudeste/Centro-Oeste;0
01/02/2016;Sul;10,1
01/02/2016;Nordeste;40,1
01/02/2016;Norte;0
01/02/2016;Sistema Interligado Nacional;50,2
02/02/2016;Sudeste/Centro-Oeste;0
02/02/2016;Sul;6
02/02/2016;Nordeste;43
02/02/2016;Norte;0
02/02/2016;Sistema Interligado Nacional;49
03/02/2016;Sudeste/Centro-Oeste;0
03/02/2016;Sul;17,6
03/02/2016;Nordeste;38,3
03/02/2016;Norte;0
03/02/2016;Sistema Interligado Nacional;55,9
04/02/2016;Sudeste/Centro-Oeste;0
04/02/2016;Sul;13
04/02/2016;Nordeste;47,4
04/02/2016;Norte;0
04/02/2016;Sistema Interligado Nacional;60,4
05/02/2016;Sudeste/Centro-Oeste;0
05/02/2016;Sul;4,9
05/02/2016;Nordeste;58
05/02/2016;Norte;0
05/02/2016;Sistema Interligado Nacional;62,9
06/02/2016;Sudeste/Centro-Oeste;0
06/02/2016;Sul;8,3
06/02/2016;Nordeste;54,9
06/02/2016;Norte;0
06/02/2016;Sistema Interligado Nacional;63,1
07/02/2016;Sudeste/Centro-Oeste;0
07/02/2016;Sul;21
07/02/2016;Nordeste;59,5
07/02/2016;Norte;0
07/02/2016;Sistema Interligado Nacional;80,5
08/02/2016;Sudeste/Centro-Oeste;0
08/02/2016;Sul;13,2
08/02/2016;Nordeste;49,6
08/02/2016;Norte;0
08/02/2016;Sistema Interligado Nacional;62,8
09/02/2016;Sudeste/Centro-Oeste;0
09/02/2016;Sul;10,3
09/02/2016;Nordeste;51,7
09/02/2016;Norte;0
09/02/2016;Sistema Interligado Nacional;62
10/02/2016;Sudeste/Centro-Oeste;0
10/02/2016;Sul;4,3
10/02/2016;Nordeste;51,4
10/02/2016;Norte;0
10/02/2016;Sistema Interligado Nacional;55,7
11/02/2016;Sudeste/Centro-Oeste;0
11/02/2016;Sul;10,6
11/02/2016;Nordeste;37,2
11/02/2016;Norte;0
11/02/2016;Sistema Interligado Nacional;47,8
12/02/2016;Sudeste/Centro-Oeste;0
12/02/2016;Sul;20,1
12/02/2016;Nordeste;17,6
12/02/2016;Norte;0
12/02/2016;Sistema Interligado Nacional;37,7
13/02/2016;Sudeste/Centro-Oeste;0
13/02/2016;Sul;10,7
13/02/2016;Nordeste;22,8
13/02/2016;Norte;0
13/02/2016;Sistema Interligado Nacional;33,4
14/02/2016;Sudeste/Centro-Oeste;0
14/02/2016;Sul;5,2
14/02/2016;Nordeste;34,5
14/02/2016;Norte;0
14/02/2016;Sistema Interligado Nacional;39,6
15/02/2016;Sudeste/Centro-Oeste;0
15/02/2016;Sul;6,3
15/02/2016;Nordeste;37,8
15/02/2016;Norte;0
15/02/2016;Sistema Interligado Nacional;44
16/02/2016;Sudeste/Centro-Oeste;0
16/02/2016;Sul;24,4
16/02/2016;Nordeste;67
16/02/2016;Norte;0
16/02/2016;Sistema Interligado Nacional;91,4
17/02/2016;Sudeste/Centro-Oeste;0
17/02/2016;Sul;20,3
17/02/2016;Nordeste;68,9
17/02/2016;Norte;0
17/02/2016;Sistema Interligado Nacional;89,2
18/02/2016;Sudeste/Centro-Oeste;0
18/02/2016;Sul;6,8
18/02/2016;Nordeste;38,1
18/02/2016;Norte;0
18/02/2016;Sistema Interligado Nacional;44,9
19/02/2016;Sudeste/Centro-Oeste;0
19/02/2016;Sul;4,8
19/02/2016;Nordeste;47,3
19/02/2016;Norte;0
19/02/2016;Sistema Interligado Nacional;52,1
20/02/2016;Sudeste/Centro-Oeste;0
20/02/2016;Sul;8,1
20/02/2016;Nordeste;53,3
20/02/2016;Norte;0
20/02/2016;Sistema Interligado Nacional;61,4
21/02/2016;Sudeste/Centro-Oeste;0
21/02/2016;Sul;13,6
21/02/2016;Nordeste;64,1
21/02/2016;Norte;0
21/02/2016;Sistema Interligado Nacional;77,7
22/02/2016;Sudeste/Centro-Oeste;0
22/02/2016;Sul;12,8
22/02/2016;Nordeste;65,1
22/02/2016;Norte;0
22/02/2016;Sistema Interligado Nacional;77,9
23/02/2016;Sudeste/Centro-Oeste;0
23/02/2016;Sul;3,5
23/02/2016;Nordeste;58
23/02/2016;Norte;0
23/02/2016;Sistema Interligado Nacional;61,4
24/02/2016;Sudeste/Centro-Oeste;0
24/02/2016;Sul;2,9
24/02/2016;Nordeste;54,3
24/02/2016;Norte;0
24/02/2016;Sistema Interligado Nacional;57,2
25/02/2016;Sudeste/Centro-Oeste;0
25/02/2016;Sul;5,7
25/02/2016;Nordeste;64,3
25/02/2016;Norte;0
25/02/2016;Sistema Interligado Nacional;70
26/02/2016;Sudeste/Centro-Oeste;0
26/02/2016;Sul;6,1
26/02/2016;Nordeste;62,1
26/02/2016;Norte;0
26/02/2016;Sistema Interligado Nacional;68,2
27/02/2016;Sudeste/Centro-Oeste;0
27/02/2016;Sul;13,1
27/02/2016;Nordeste;66
27/02/2016;Norte;0
27/02/2016;Sistema Interligado Nacional;79
28/02/2016;Sudeste/Centro-Oeste;0
28/02/2016;Sul;3,7
28/02/2016;Nordeste;62,8
28/02/2016;Norte;0
28/02/2016;Sistema Interligado Nacional;66,5
29/02/2016;Sudeste/Centro-Oeste;0
29/02/2016;Sul;4,4
29/02/2016;Nordeste;61,9
29/02/2016;Norte;0
29/02/2016;Sistema Interligado Nacional;66,3
01/03/2016;Sudeste/Centro-Oeste;0
01/03/2016;Sul;14,5
01/03/2016;Nordeste;75,5
01/03/2016;Norte;0
01/03/2016;Sistema Interligado Nacional;90
02/03/2016;Sudeste/Centro-Oeste;0
02/03/2016;Sul;22,9
02/03/2016;Nordeste;62,8
02/03/2016;Norte;0
02/03/2016;Sistema Interligado Nacional;85,8
03/03/2016;Sudeste/Centro-Oeste;0
03/03/2016;Sul;24,5
03/03/2016;Nordeste;38
03/03/2016;Norte;0
03/03/2016;Sistema Interligado Nacional;62,5
04/03/2016;Sudeste/Centro-Oeste;0
04/03/2016;Sul;6,5
04/03/2016;Nordeste;37,9
04/03/2016;Norte;0
04/03/2016;Sistema Interligado Nacional;44,3
05/03/2016;Sudeste/Centro-Oeste;0
05/03/2016;Sul;4,3
05/03/2016;Nordeste;47,7
05/03/2016;Norte;0
05/03/2016;Sistema Interligado Nacional;51,9
06/03/2016;Sudeste/Centro-Oeste;0
06/03/2016;Sul;7
06/03/2016;Nordeste;59,9
06/03/2016;Norte;0
06/03/2016;Sistema Interligado Nacional;66,9
07/03/2016;Sudeste/Centro-Oeste;0
07/03/2016;Sul;3,8
07/03/2016;Nordeste;55,8
07/03/2016;Norte;0
07/03/2016;Sistema Interligado Nacional;59,6
08/03/2016;Sudeste/Centro-Oeste;0
08/03/2016;Sul;8,5
08/03/2016;Nordeste;52,1
08/03/2016;Norte;0
08/03/2016;Sistema Interligado Nacional;60,6
09/03/2016;Sudeste/Centro-Oeste;0
09/03/2016;Sul;7
09/03/2016;Nordeste;47,7
09/03/2016;Norte;0
09/03/2016;Sistema Interligado Nacional;54,7
10/03/2016;Sudeste/Centro-Oeste;0
10/03/2016;Sul;12
10/03/2016;Nordeste;43,6
10/03/2016;Norte;0
10/03/2016;Sistema Interligado Nacional;55,6
11/03/2016;Sudeste/Centro-Oeste;0
11/03/2016;Sul;21,5
11/03/2016;Nordeste;27,6
11/03/2016;Norte;0
11/03/2016;Sistema Interligado Nacional;49,1
12/03/2016;Sudeste/Centro-Oeste;0
12/03/2016;Sul;12,8
12/03/2016;Nordeste;32,2
12/03/2016;Norte;0
12/03/2016;Sistema Interligado Nacional;44,9
13/03/2016;Sudeste/Centro-Oeste;0
13/03/2016;Sul;8,6
13/03/2016;Nordeste;52,3
13/03/2016;Norte;0
13/03/2016;Sistema Interligado Nacional;60,9
14/03/2016;Sudeste/Centro-Oeste;0
14/03/2016;Sul;12,5
14/03/2016;Nordeste;60,6
14/03/2016;Norte;0
14/03/2016;Sistema Interligado Nacional;73,1
15/03/2016;Sudeste/Centro-Oeste;0
15/03/2016;Sul;15,7
15/03/2016;Nordeste;50,1
15/03/2016;Norte;0
15/03/2016;Sistema Interligado Nacional;65,8
16/03/2016;Sudeste/Centro-Oeste;0
16/03/2016;Sul;9,4
16/03/2016;Nordeste;61,3
16/03/2016;Norte;0
16/03/2016;Sistema Interligado Nacional;70,7
17/03/2016;Sudeste/Centro-Oeste;0
17/03/2016;Sul;9,6
17/03/2016;Nordeste;53,5
17/03/2016;Norte;0
17/03/2016;Sistema Interligado Nacional;63,1
18/03/2016;Sudeste/Centro-Oeste;0
18/03/2016;Sul;11,3
18/03/2016;Nordeste;51,2
18/03/2016;Norte;0
18/03/2016;Sistema Interligado Nacional;62,6
19/03/2016;Sudeste/Centro-Oeste;0
19/03/2016;Sul;18,1
19/03/2016;Nordeste;53,1
19/03/2016;Norte;0
19/03/2016;Sistema Interligado Nacional;71,2
20/03/2016;Sudeste/Centro-Oeste;0
20/03/2016;Sul;13,2
20/03/2016;Nordeste;49,7
20/03/2016;Norte;0
20/03/2016;Sistema Interligado Nacional;62,9
21/03/2016;Sudeste/Centro-Oeste;0
21/03/2016;Sul;10
21/03/2016;Nordeste;40,4
21/03/2016;Norte;0
21/03/2016;Sistema Interligado Nacional;50,5
22/03/2016;Sudeste/Centro-Oeste;0
22/03/2016;Sul;14,1
22/03/2016;Nordeste;43,1
22/03/2016;Norte;0
22/03/2016;Sistema Interligado Nacional;57,2
23/03/2016;Sudeste/Centro-Oeste;0
23/03/2016;Sul;4,5
23/03/2016;Nordeste;47,2
23/03/2016;Norte;0
23/03/2016;Sistema Interligado Nacional;51,6
24/03/2016;Sudeste/Centro-Oeste;0
24/03/2016;Sul;12
24/03/2016;Nordeste;39,1
24/03/2016;Norte;0
24/03/2016;Sistema Interligado Nacional;51
25/03/2016;Sudeste/Centro-Oeste;0
25/03/2016;Sul;25,6
25/03/2016;Nordeste;54,9
25/03/2016;Norte;0
25/03/2016;Sistema Interligado Nacional;80,5
26/03/2016;Sudeste/Centro-Oeste;0
26/03/2016;Sul;26,3
26/03/2016;Nordeste;56,8
26/03/2016;Norte;0
26/03/2016;Sistema Interligado Nacional;83,1
27/03/2016;Sudeste/Centro-Oeste;0
27/03/2016;Sul;10,9
27/03/2016;Nordeste;66,1
27/03/2016;Norte;0
27/03/2016;Sistema Interligado Nacional;76,9
28/03/2016;Sudeste/Centro-Oeste;0
28/03/2016;Sul;10,2
28/03/2016;Nordeste;63,9
28/03/2016;Norte;0
28/03/2016;Sistema Interligado Nacional;74,1
29/03/2016;Sudeste/Centro-Oeste;0
29/03/2016;Sul;6,3
29/03/2016;Nordeste;43,2
29/03/2016;Norte;0
29/03/2016;Sistema Interligado Nacional;49,5
30/03/2016;Sudeste/Centro-Oeste;0
30/03/2016;Sul;1,8
30/03/2016;Nordeste;33,3
30/03/2016;Norte;0
30/03/2016;Sistema Interligado Nacional;35,1
31/03/2016;Sudeste/Centro-Oeste;0
31/03/2016;Sul;5,1
31/03/2016;Nordeste;60,8
31/03/2016;Norte;0
31/03/2016;Sistema Interligado Nacional;65,8
01/04/2016;Sudeste/Centro-Oeste;0
01/04/2016;Sul;10,8
01/04/2016;Nordeste;54,6
01/04/2016;Norte;0
01/04/2016;Sistema Interligado Nacional;65,5
02/04/2016;Sudeste/Centro-Oeste;0
02/04/2016;Sul;10,3
02/04/2016;Nordeste;42
02/04/2016;Norte;0
02/04/2016;Sistema Interligado Nacional;52,3
03/04/2016;Sudeste/Centro-Oeste;0
03/04/2016;Sul;9,2
03/04/2016;Nordeste;38,1
03/04/2016;Norte;0
03/04/2016;Sistema Interligado Nacional;47,2
04/04/2016;Sudeste/Centro-Oeste;0
04/04/2016;Sul;16,5
04/04/2016;Nordeste;34,1
04/04/2016;Norte;0
04/04/2016;Sistema Interligado Nacional;50,5
05/04/2016;Sudeste/Centro-Oeste;0
05/04/2016;Sul;11,4
05/04/2016;Nordeste;52,5
05/04/2016;Norte;0
05/04/2016;Sistema Interligado Nacional;63,9
06/04/2016;Sudeste/Centro-Oeste;0
06/04/2016;Sul;7,5
06/04/2016;Nordeste;50,7
06/04/2016;Norte;0
06/04/2016;Sistema Interligado Nacional;58,2
07/04/2016;Sudeste/Centro-Oeste;0
07/04/2016;Sul;4,8
07/04/2016;Nordeste;45
07/04/2016;Norte;0
07/04/2016;Sistema Interligado Nacional;49,8
08/04/2016;Sudeste/Centro-Oeste;0
08/04/2016;Sul;3,9
08/04/2016;Nordeste;36
08/04/2016;Norte;0
08/04/2016;Sistema Interligado Nacional;39,9
09/04/2016;Sudeste/Centro-Oeste;0
09/04/2016;Sul;4,5
09/04/2016;Nordeste;45,2
09/04/2016;Norte;0
09/04/2016;Sistema Interligado Nacional;49,7
10/04/2016;Sudeste/Centro-Oeste;0
10/04/2016;Sul;13,4
10/04/2016;Nordeste;53,4
10/04/2016;Norte;0
10/04/2016;Sistema Interligado Nacional;66,8
11/04/2016;Sudeste/Centro-Oeste;0
11/04/2016;Sul;17,6
11/04/2016;Nordeste;55,9
11/04/2016;Norte;0
11/04/2016;Sistema Interligado Nacional;73,5
12/04/2016;Sudeste/Centro-Oeste;0
12/04/2016;Sul;22
12/04/2016;Nordeste;70,3
12/04/2016;Norte;0
12/04/2016;Sistema Interligado Nacional;92,3
13/04/2016;Sudeste/Centro-Oeste;0
13/04/2016;Sul;22
13/04/2016;Nordeste;61,1
13/04/2016;Norte;0
13/04/2016;Sistema Interligado Nacional;83,2
14/04/2016;Sudeste/Centro-Oeste;0
14/04/2016;Sul;6,1
14/04/2016;Nordeste;55,1
14/04/2016;Norte;0
14/04/2016;Sistema Interligado Nacional;61,3
15/04/2016;Sudeste/Centro-Oeste;0
15/04/2016;Sul;20,4
15/04/2016;Nordeste;58,5
15/04/2016;Norte;0
15/04/2016;Sistema Interligado Nacional;78,9
16/04/2016;Sudeste/Centro-Oeste;0
16/04/2016;Sul;14,1
16/04/2016;Nordeste;67,2
16/04/2016;Norte;0
16/04/2016;Sistema Interligado Nacional;81,3
17/04/2016;Sudeste/Centro-Oeste;0
17/04/2016;Sul;8,8
17/04/2016;Nordeste;75,8
17/04/2016;Norte;0
17/04/2016;Sistema Interligado Nacional;84,5
18/04/2016;Sudeste/Centro-Oeste;0
18/04/2016;Sul;12,2
18/04/2016;Nordeste;87,7
18/04/2016;Norte;0
18/04/2016;Sistema Interligado Nacional;100
19/04/2016;Sudeste/Centro-Oeste;0
19/04/2016;Sul;16,9
19/04/2016;Nordeste;84,7
19/04/2016;Norte;0
19/04/2016;Sistema Interligado Nacional;101,7
20/04/2016;Sudeste/Centro-Oeste;0
20/04/2016;Sul;6
20/04/2016;Nordeste;89,4
20/04/2016;Norte;0
20/04/2016;Sistema Interligado Nacional;95,4
21/04/2016;Sudeste/Centro-Oeste;0
21/04/2016;Sul;10,5
21/04/2016;Nordeste;76,5
21/04/2016;Norte;0
21/04/2016;Sistema Interligado Nacional;87
22/04/2016;Sudeste/Centro-Oeste;0
22/04/2016;Sul;15,1
22/04/2016;Nordeste;56,8
22/04/2016;Norte;0
22/04/2016;Sistema Interligado Nacional;71,9
23/04/2016;Sudeste/Centro-Oeste;0
23/04/2016;Sul;16,3
23/04/2016;Nordeste;77
23/04/2016;Norte;0
23/04/2016;Sistema Interligado Nacional;93,3
24/04/2016;Sudeste/Centro-Oeste;0
24/04/2016;Sul;11,1
24/04/2016;Nordeste;75,6
24/04/2016;Norte;0
24/04/2016;Sistema Interligado Nacional;86,8
25/04/2016;Sudeste/Centro-Oeste;0
25/04/2016;Sul;22,7
25/04/2016;Nordeste;71,6
25/04/2016;Norte;0
25/04/2016;Sistema Interligado Nacional;94,3
26/04/2016;Sudeste/Centro-Oeste;0
26/04/2016;Sul;25,5
26/04/2016;Nordeste;60,3
26/04/2016;Norte;0
26/04/2016;Sistema Interligado Nacional;85,8
27/04/2016;Sudeste/Centro-Oeste;0
27/04/2016;Sul;29,1
27/04/2016;Nordeste;60,6
27/04/2016;Norte;0
27/04/2016;Sistema Interligado Nacional;89,7
28/04/2016;Sudeste/Centro-Oeste;0
28/04/2016;Sul;21
28/04/2016;Nordeste;73,9
28/04/2016;Norte;0
28/04/2016;Sistema Interligado Nacional;94,9
29/04/2016;Sudeste/Centro-Oeste;0
29/04/2016;Sul;11,8
29/04/2016;Nordeste;72,2
29/04/2016;Norte;0
29/04/2016;Sistema Interligado Nacional;84
30/04/2016;Sudeste/Centro-Oeste;0
30/04/2016;Sul;20,5
30/04/2016;Nordeste;66,8
30/04/2016;Norte;0
30/04/2016;Sistema Interligado Nacional;87,3
01/05/2016;Sudeste/Centro-Oeste;0
01/05/2016;Sul;6
01/05/2016;Nordeste;41,4
01/05/2016;Norte;0
01/05/2016;Sistema Interligado Nacional;47,4
02/05/2016;Sudeste/Centro-Oeste;0
02/05/2016;Sul;2,3
02/05/2016;Nordeste;62,2
02/05/2016;Norte;0
02/05/2016;Sistema Interligado Nacional;64,6
03/05/2016;Sudeste/Centro-Oeste;0
03/05/2016;Sul;4,3
03/05/2016;Nordeste;66,5
03/05/2016;Norte;0
03/05/2016;Sistema Interligado Nacional;70,8
04/05/2016;Sudeste/Centro-Oeste;0
04/05/2016;Sul;3,1
04/05/2016;Nordeste;64,7
04/05/2016;Norte;0
04/05/2016;Sistema Interligado Nacional;67,8
05/05/2016;Sudeste/Centro-Oeste;0
05/05/2016;Sul;4
05/05/2016;Nordeste;55,2
05/05/2016;Norte;0
05/05/2016;Sistema Interligado Nacional;59,1
06/05/2016;Sudeste/Centro-Oeste;0
06/05/2016;Sul;6,8
06/05/2016;Nordeste;67,9
06/05/2016;Norte;0
06/05/2016;Sistema Interligado Nacional;74,8
07/05/2016;Sudeste/Centro-Oeste;0
07/05/2016;Sul;6,8
07/05/2016;Nordeste;80,4
07/05/2016;Norte;0
07/05/2016;Sistema Interligado Nacional;87,2
08/05/2016;Sudeste/Centro-Oeste;0
08/05/2016;Sul;11,5
08/05/2016;Nordeste;73,5
08/05/2016;Norte;0
08/05/2016;Sistema Interligado Nacional;85
09/05/2016;Sudeste/Centro-Oeste;0
09/05/2016;Sul;7,1
09/05/2016;Nordeste;64,8
09/05/2016;Norte;0
09/05/2016;Sistema Interligado Nacional;71,9
10/05/2016;Sudeste/Centro-Oeste;0
10/05/2016;Sul;10,4
10/05/2016;Nordeste;57,4
10/05/2016;Norte;0
10/05/2016;Sistema Interligado Nacional;67,8
11/05/2016;Sudeste/Centro-Oeste;0
11/05/2016;Sul;11,2
11/05/2016;Nordeste;35,6
11/05/2016;Norte;0
11/05/2016;Sistema Interligado Nacional;46,8
12/05/2016;Sudeste/Centro-Oeste;0
12/05/2016;Sul;6,9
12/05/2016;Nordeste;45,3
12/05/2016;Norte;0
12/05/2016;Sistema Interligado Nacional;52,2
13/05/2016;Sudeste/Centro-Oeste;0
13/05/2016;Sul;5
13/05/2016;Nordeste;42
13/05/2016;Norte;0
13/05/2016;Sistema Interligado Nacional;47
14/05/2016;Sudeste/Centro-Oeste;0
14/05/2016;Sul;14,5
14/05/2016;Nordeste;63
14/05/2016;Norte;0
14/05/2016;Sistema Interligado Nacional;77,5
15/05/2016;Sudeste/Centro-Oeste;0
15/05/2016;Sul;18,8
15/05/2016;Nordeste;75,8
15/05/2016;Norte;0
15/05/2016;Sistema Interligado Nacional;94,6
16/05/2016;Sudeste/Centro-Oeste;0
16/05/2016;Sul;30,3
16/05/2016;Nordeste;63,1
16/05/2016;Norte;0
16/05/2016;Sistema Interligado Nacional;93,4
17/05/2016;Sudeste/Centro-Oeste;0
17/05/2016;Sul;26,3
17/05/2016;Nordeste;43,2
17/05/2016;Norte;0
17/05/2016;Sistema Interligado Nacional;69,5
18/05/2016;Sudeste/Centro-Oeste;0
18/05/2016;Sul;15,5
18/05/2016;Nordeste;57,8
18/05/2016;Norte;0
18/05/2016;Sistema Interligado Nacional;73,2
19/05/2016;Sudeste/Centro-Oeste;0
19/05/2016;Sul;5,4
19/05/2016;Nordeste;88,2
19/05/2016;Norte;0
19/05/2016;Sistema Interligado Nacional;93,6
20/05/2016;Sudeste/Centro-Oeste;0
20/05/2016;Sul;9,2
20/05/2016;Nordeste;84,8
20/05/2016;Norte;0
20/05/2016;Sistema Interligado Nacional;94
21/05/2016;Sudeste/Centro-Oeste;0
21/05/2016;Sul;14
21/05/2016;Nordeste;63,5
21/05/2016;Norte;0
21/05/2016;Sistema Interligado Nacional;77,5
22/05/2016;Sudeste/Centro-Oeste;0
22/05/2016;Sul;13,4
22/05/2016;Nordeste;65,6
22/05/2016;Norte;0
22/05/2016;Sistema Interligado Nacional;78,9
23/05/2016;Sudeste/Centro-Oeste;0
23/05/2016;Sul;15,1
23/05/2016;Nordeste;44,1
23/05/2016;Norte;0
23/05/2016;Sistema Interligado Nacional;59,3
24/05/2016;Sudeste/Centro-Oeste;0
24/05/2016;Sul;5,5
24/05/2016;Nordeste;44,7
24/05/2016;Norte;0
24/05/2016;Sistema Interligado Nacional;50,2
25/05/2016;Sudeste/Centro-Oeste;0
25/05/2016;Sul;11,8
25/05/2016;Nordeste;81,5
25/05/2016;Norte;0
25/05/2016;Sistema Interligado Nacional;93,3
26/05/2016;Sudeste/Centro-Oeste;0
26/05/2016;Sul;7
26/05/2016;Nordeste;75,7
26/05/2016;Norte;0
26/05/2016;Sistema Interligado Nacional;82,7
27/05/2016;Sudeste/Centro-Oeste;0
27/05/2016;Sul;11,2
27/05/2016;Nordeste;56,2
27/05/2016;Norte;0
27/05/2016;Sistema Interligado Nacional;67,4
28/05/2016;Sudeste/Centro-Oeste;0
28/05/2016;Sul;20
28/05/2016;Nordeste;70,1
28/05/2016;Norte;0
28/05/2016;Sistema Interligado Nacional;90,1
29/05/2016;Sudeste/Centro-Oeste;0
29/05/2016;Sul;24,2
29/05/2016;Nordeste;61,1
29/05/2016;Norte;0
29/05/2016;Sistema Interligado Nacional;85,3
30/05/2016;Sudeste/Centro-Oeste;0
30/05/2016;Sul;13,8
30/05/2016;Nordeste;45,5
30/05/2016;Norte;0
30/05/2016;Sistema Interligado Nacional;59,3
31/05/2016;Sudeste/Centro-Oeste;0
31/05/2016;Sul;16,3
31/05/2016;Nordeste;57,1
31/05/2016;Norte;0
31/05/2016;Sistema Interligado Nacional;73,5
01/06/2016;Sudeste/Centro-Oeste;0
01/06/2016;Sul;16,2
01/06/2016;Nordeste;64,4
01/06/2016;Norte;0
01/06/2016;Sistema Interligado Nacional;80,6
02/06/2016;Sudeste/Centro-Oeste;0
02/06/2016;Sul;15,4
02/06/2016;Nordeste;52,9
02/06/2016;Norte;0
02/06/2016;Sistema Interligado Nacional;68,3
03/06/2016;Sudeste/Centro-Oeste;0
03/06/2016;Sul;17,3
03/06/2016;Nordeste;35,4
03/06/2016;Norte;0
03/06/2016;Sistema Interligado Nacional;52,7
04/06/2016;Sudeste/Centro-Oeste;0
04/06/2016;Sul;5,6
04/06/2016;Nordeste;50,5
04/06/2016;Norte;0
04/06/2016;Sistema Interligado Nacional;56,1
05/06/2016;Sudeste/Centro-Oeste;0
05/06/2016;Sul;7
05/06/2016;Nordeste;59,2
05/06/2016;Norte;0
05/06/2016;Sistema Interligado Nacional;66,2
06/06/2016;Sudeste/Centro-Oeste;0
06/06/2016;Sul;7,2
06/06/2016;Nordeste;38,2
06/06/2016;Norte;0
06/06/2016;Sistema Interligado Nacional;45,4
07/06/2016;Sudeste/Centro-Oeste;0
07/06/2016;Sul;26,9
07/06/2016;Nordeste;34,1
07/06/2016;Norte;0
07/06/2016;Sistema Interligado Nacional;61,1
08/06/2016;Sudeste/Centro-Oeste;0
08/06/2016;Sul;30,9
08/06/2016;Nordeste;38,5
08/06/2016;Norte;0
08/06/2016;Sistema Interligado Nacional;69,4
09/06/2016;Sudeste/Centro-Oeste;0
09/06/2016;Sul;20
09/06/2016;Nordeste;41,2
09/06/2016;Norte;0
09/06/2016;Sistema Interligado Nacional;61,2
10/06/2016;Sudeste/Centro-Oeste;0
10/06/2016;Sul;27,2
10/06/2016;Nordeste;47,2
10/06/2016;Norte;0
10/06/2016;Sistema Interligado Nacional;74,4
11/06/2016;Sudeste/Centro-Oeste;0
11/06/2016;Sul;29,1
11/06/2016;Nordeste;38,7
11/06/2016;Norte;0
11/06/2016;Sistema Interligado Nacional;67,9
12/06/2016;Sudeste/Centro-Oeste;0
12/06/2016;Sul;17,7
12/06/2016;Nordeste;59,7
12/06/2016;Norte;0
12/06/2016;Sistema Interligado Nacional;77,4
13/06/2016;Sudeste/Centro-Oeste;0
13/06/2016;Sul;6,4
13/06/2016;Nordeste;75,4
13/06/2016;Norte;0
13/06/2016;Sistema Interligado Nacional;81,8
14/06/2016;Sudeste/Centro-Oeste;0
14/06/2016;Sul;6
14/06/2016;Nordeste;82,9
14/06/2016;Norte;0
14/06/2016;Sistema Interligado Nacional;88,9
15/06/2016;Sudeste/Centro-Oeste;0
15/06/2016;Sul;1
15/06/2016;Nordeste;82,9
15/06/2016;Norte;0
15/06/2016;Sistema Interligado Nacional;83,9
16/06/2016;Sudeste/Centro-Oeste;0
16/06/2016;Sul;2,2
16/06/2016;Nordeste;82,9
16/06/2016;Norte;0
16/06/2016;Sistema Interligado Nacional;85,1
17/06/2016;Sudeste/Centro-Oeste;0
17/06/2016;Sul;5,2
17/06/2016;Nordeste;73,5
17/06/2016;Norte;0
17/06/2016;Sistema Interligado Nacional;78,7
18/06/2016;Sudeste/Centro-Oeste;0
18/06/2016;Sul;1,5
18/06/2016;Nordeste;77,3
18/06/2016;Norte;0
18/06/2016;Sistema Interligado Nacional;78,8
19/06/2016;Sudeste/Centro-Oeste;0
19/06/2016;Sul;6,1
19/06/2016;Nordeste;85,9
19/06/2016;Norte;0
19/06/2016;Sistema Interligado Nacional;91,9
20/06/2016;Sudeste/Centro-Oeste;0
20/06/2016;Sul;7,6
20/06/2016;Nordeste;89,4
20/06/2016;Norte;0
20/06/2016;Sistema Interligado Nacional;97
21/06/2016;Sudeste/Centro-Oeste;0
21/06/2016;Sul;11
21/06/2016;Nordeste;85,1
21/06/2016;Norte;0
21/06/2016;Sistema Interligado Nacional;96,2
22/06/2016;Sudeste/Centro-Oeste;0
22/06/2016;Sul;12
22/06/2016;Nordeste;92,7
22/06/2016;Norte;0
22/06/2016;Sistema Interligado Nacional;104,7
23/06/2016;Sudeste/Centro-Oeste;0
23/06/2016;Sul;1,7
23/06/2016;Nordeste;77
23/06/2016;Norte;0
23/06/2016;Sistema Interligado Nacional;78,6
24/06/2016;Sudeste/Centro-Oeste;0
24/06/2016;Sul;9,2
24/06/2016;Nordeste;88,3
24/06/2016;Norte;0
24/06/2016;Sistema Interligado Nacional;97,5
25/06/2016;Sudeste/Centro-Oeste;0
25/06/2016;Sul;14,5
25/06/2016;Nordeste;99,8
25/06/2016;Norte;0
25/06/2016;Sistema Interligado Nacional;114,2
26/06/2016;Sudeste/Centro-Oeste;0
26/06/2016;Sul;8,4
26/06/2016;Nordeste;97,8
26/06/2016;Norte;0
26/06/2016;Sistema Interligado Nacional;106,3
27/06/2016;Sudeste/Centro-Oeste;0
27/06/2016;Sul;7,9
27/06/2016;Nordeste;93,7
27/06/2016;Norte;0
27/06/2016;Sistema Interligado Nacional;101,6
28/06/2016;Sudeste/Centro-Oeste;0
28/06/2016;Sul;3
28/06/2016;Nordeste;98,2
28/06/2016;Norte;0
28/06/2016;Sistema Interligado Nacional;101,2
29/06/2016;Sudeste/Centro-Oeste;0
29/06/2016;Sul;3,3
29/06/2016;Nordeste;101,2
29/06/2016;Norte;0
29/06/2016;Sistema Interligado Nacional;104,5
30/06/2016;Sudeste/Centro-Oeste;0
30/06/2016;Sul;6,5
30/06/2016;Nordeste;109,5
30/06/2016;Norte;0
30/06/2016;Sistema Interligado Nacional;116,1
01/07/2016;Sudeste/Centro-Oeste;0
01/07/2016;Sul;4,2
01/07/2016;Nordeste;102,3
01/07/2016;Norte;0
01/07/2016;Sistema Interligado Nacional;106,5
02/07/2016;Sudeste/Centro-Oeste;0
02/07/2016;Sul;4,9
02/07/2016;Nordeste;100,7
02/07/2016;Norte;0
02/07/2016;Sistema Interligado Nacional;105,7
03/07/2016;Sudeste/Centro-Oeste;0
03/07/2016;Sul;11,8
03/07/2016;Nordeste;99,5
03/07/2016;Norte;0
03/07/2016;Sistema Interligado Nacional;111,4
04/07/2016;Sudeste/Centro-Oeste;0
04/07/2016;Sul;10,3
04/07/2016;Nordeste;94,4
04/07/2016;Norte;0
04/07/2016;Sistema Interligado Nacional;104,7
05/07/2016;Sudeste/Centro-Oeste;0
05/07/2016;Sul;11,5
05/07/2016;Nordeste;88,3
05/07/2016;Norte;0
05/07/2016;Sistema Interligado Nacional;99,7
06/07/2016;Sudeste/Centro-Oeste;0
06/07/2016;Sul;27
06/07/2016;Nordeste;70,3
06/07/2016;Norte;0
06/07/2016;Sistema Interligado Nacional;97,3
07/07/2016;Sudeste/Centro-Oeste;0
07/07/2016;Sul;25,2
07/07/2016;Nordeste;63,3
07/07/2016;Norte;0
07/07/2016;Sistema Interligado Nacional;88,4
08/07/2016;Sudeste/Centro-Oeste;0
08/07/2016;Sul;4,9
08/07/2016;Nordeste;63,9
08/07/2016;Norte;0
08/07/2016;Sistema Interligado Nacional;68,8
09/07/2016;Sudeste/Centro-Oeste;0
09/07/2016;Sul;9,8
09/07/2016;Nordeste;94,8
09/07/2016;Norte;0
09/07/2016;Sistema Interligado Nacional;104,6
10/07/2016;Sudeste/Centro-Oeste;0
10/07/2016;Sul;4,4
10/07/2016;Nordeste;91,3
10/07/2016;Norte;0
10/07/2016;Sistema Interligado Nacional;95,7
11/07/2016;Sudeste/Centro-Oeste;0
11/07/2016;Sul;17,8
11/07/2016;Nordeste;89,1
11/07/2016;Norte;0
11/07/2016;Sistema Interligado Nacional;106,9
12/07/2016;Sudeste/Centro-Oeste;0
12/07/2016;Sul;20,5
12/07/2016;Nordeste;79,5
12/07/2016;Norte;0
12/07/2016;Sistema Interligado Nacional;100
13/07/2016;Sudeste/Centro-Oeste;0
13/07/2016;Sul;10,2
13/07/2016;Nordeste;72,2
13/07/2016;Norte;0
13/07/2016;Sistema Interligado Nacional;82,4
14/07/2016;Sudeste/Centro-Oeste;0
14/07/2016;Sul;12,3
14/07/2016;Nordeste;93,3
14/07/2016;Norte;0
14/07/2016;Sistema Interligado Nacional;105,6
15/07/2016;Sudeste/Centro-Oeste;0
15/07/2016;Sul;13,2
15/07/2016;Nordeste;85,8
15/07/2016;Norte;0
15/07/2016;Sistema Interligado Nacional;98,9
16/07/2016;Sudeste/Centro-Oeste;0
16/07/2016;Sul;24,7
16/07/2016;Nordeste;65
16/07/2016;Norte;0
16/07/2016;Sistema Interligado Nacional;89,7
17/07/2016;Sudeste/Centro-Oeste;0
17/07/2016;Sul;28,1
17/07/2016;Nordeste;42,8
17/07/2016;Norte;0
17/07/2016;Sistema Interligado Nacional;70,9
18/07/2016;Sudeste/Centro-Oeste;0
18/07/2016;Sul;12,5
18/07/2016;Nordeste;49,5
18/07/2016;Norte;0
18/07/2016;Sistema Interligado Nacional;62
19/07/2016;Sudeste/Centro-Oeste;0
19/07/2016;Sul;10,5
19/07/2016;Nordeste;85,7
19/07/2016;Norte;0
19/07/2016;Sistema Interligado Nacional;96,1
20/07/2016;Sudeste/Centro-Oeste;0
20/07/2016;Sul;6,1
20/07/2016;Nordeste;96,4
20/07/2016;Norte;0
20/07/2016;Sistema Interligado Nacional;102,5
21/07/2016;Sudeste/Centro-Oeste;0
21/07/2016;Sul;2,3
21/07/2016;Nordeste;83,1
21/07/2016;Norte;0
21/07/2016;Sistema Interligado Nacional;85,4
22/07/2016;Sudeste/Centro-Oeste;0
22/07/2016;Sul;4,7
22/07/2016;Nordeste;91,4
22/07/2016;Norte;0
22/07/2016;Sistema Interligado Nacional;96,2
23/07/2016;Sudeste/Centro-Oeste;0
23/07/2016;Sul;8
23/07/2016;Nordeste;91,4
23/07/2016;Norte;0
23/07/2016;Sistema Interligado Nacional;99,4
24/07/2016;Sudeste/Centro-Oeste;0
24/07/2016;Sul;0
24/07/2016;Nordeste;0
24/07/2016;Norte;0
24/07/2016;Sistema Interligado Nacional;0
25/07/2016;Sudeste/Centro-Oeste;0
25/07/2016;Sul;24,1
25/07/2016;Nordeste;100,8
25/07/2016;Norte;0
25/07/2016;Sistema Interligado Nacional;124,9
26/07/2016;Sudeste/Centro-Oeste;0
26/07/2016;Sul;26,6
26/07/2016;Nordeste;98,5
26/07/2016;Norte;0
26/07/2016;Sistema Interligado Nacional;125
27/07/2016;Sudeste/Centro-Oeste;0
27/07/2016;Sul;23,5
27/07/2016;Nordeste;88,3
27/07/2016;Norte;0
27/07/2016;Sistema Interligado Nacional;111,8
28/07/2016;Sudeste/Centro-Oeste;0
28/07/2016;Sul;7,4
28/07/2016;Nordeste;98,9
28/07/2016;Norte;0
28/07/2016;Sistema Interligado Nacional;106,3
29/07/2016;Sudeste/Centro-Oeste;0
29/07/2016;Sul;18
29/07/2016;Nordeste;101,7
29/07/2016;Norte;0
29/07/2016;Sistema Interligado Nacional;119,7
30/07/2016;Sudeste/Centro-Oeste;0
30/07/2016;Sul;18,9
30/07/2016;Nordeste;103,6
30/07/2016;Norte;0
30/07/2016;Sistema Interligado Nacional;122,6
31/07/2016;Sudeste/Centro-Oeste;0
31/07/2016;Sul;10,3
31/07/2016;Nordeste;112,8
31/07/2016;Norte;0
31/07/2016;Sistema Interligado Nacional;123,1
01/08/2016;Sudeste/Centro-Oeste;0
01/08/2016;Sul;22,7
01/08/2016;Nordeste;104,6
01/08/2016;Norte;0
01/08/2016;Sistema Interligado Nacional;127,3
02/08/2016;Sudeste/Centro-Oeste;0
02/08/2016;Sul;7,2
02/08/2016;Nordeste;86,4
02/08/2016;Norte;0
02/08/2016;Sistema Interligado Nacional;93,6
03/08/2016;Sudeste/Centro-Oeste;0
03/08/2016;Sul;14,3
03/08/2016;Nordeste;98,9
03/08/2016;Norte;0
03/08/2016;Sistema Interligado Nacional;113,2
04/08/2016;Sudeste/Centro-Oeste;0
04/08/2016;Sul;14,5
04/08/2016;Nordeste;99,7
04/08/2016;Norte;0
04/08/2016;Sistema Interligado Nacional;114,2
05/08/2016;Sudeste/Centro-Oeste;0
05/08/2016;Sul;5,6
05/08/2016;Nordeste;105,3
05/08/2016;Norte;0
05/08/2016;Sistema Interligado Nacional;110,9
06/08/2016;Sudeste/Centro-Oeste;0
06/08/2016;Sul;6,3
06/08/2016;Nordeste;97,8
06/08/2016;Norte;0
06/08/2016;Sistema Interligado Nacional;104
07/08/2016;Sudeste/Centro-Oeste;0
07/08/2016;Sul;5,6
07/08/2016;Nordeste;85,3
07/08/2016;Norte;0
07/08/2016;Sistema Interligado Nacional;90,9
08/08/2016;Sudeste/Centro-Oeste;0
08/08/2016;Sul;4,7
08/08/2016;Nordeste;78,4
08/08/2016;Norte;0
08/08/2016;Sistema Interligado Nacional;83
09/08/2016;Sudeste/Centro-Oeste;0
09/08/2016;Sul;5,4
09/08/2016;Nordeste;84,6
09/08/2016;Norte;0
09/08/2016;Sistema Interligado Nacional;90
10/08/2016;Sudeste/Centro-Oeste;0
10/08/2016;Sul;4,7
10/08/2016;Nordeste;81,4
10/08/2016;Norte;0
10/08/2016;Sistema Interligado Nacional;86,1
11/08/2016;Sudeste/Centro-Oeste;0
11/08/2016;Sul;4,5
11/08/2016;Nordeste;82,1
11/08/2016;Norte;0
11/08/2016;Sistema Interligado Nacional;86,6
12/08/2016;Sudeste/Centro-Oeste;0
12/08/2016;Sul;5,5
12/08/2016;Nordeste;95,7
12/08/2016;Norte;0
12/08/2016;Sistema Interligado Nacional;101,2
13/08/2016;Sudeste/Centro-Oeste;0
13/08/2016;Sul;7,7
13/08/2016;Nordeste;98,3
13/08/2016;Norte;0
13/08/2016;Sistema Interligado Nacional;106
14/08/2016;Sudeste/Centro-Oeste;0
14/08/2016;Sul;5,2
14/08/2016;Nordeste;86,5
14/08/2016;Norte;0
14/08/2016;Sistema Interligado Nacional;91,7
15/08/2016;Sudeste/Centro-Oeste;0
15/08/2016;Sul;13,8
15/08/2016;Nordeste;75,4
15/08/2016;Norte;0
15/08/2016;Sistema Interligado Nacional;89,2
16/08/2016;Sudeste/Centro-Oeste;0
16/08/2016;Sul;10,8
16/08/2016;Nordeste;69,4
16/08/2016;Norte;0
16/08/2016;Sistema Interligado Nacional;80,1
17/08/2016;Sudeste/Centro-Oeste;0
17/08/2016;Sul;17,8
17/08/2016;Nordeste;84,9
17/08/2016;Norte;0
17/08/2016;Sistema Interligado Nacional;102,8
18/08/2016;Sudeste/Centro-Oeste;0
18/08/2016;Sul;9,3
18/08/2016;Nordeste;83,7
18/08/2016;Norte;0
18/08/2016;Sistema Interligado Nacional;92,9
19/08/2016;Sudeste/Centro-Oeste;0
19/08/2016;Sul;19,7
19/08/2016;Nordeste;90,1
19/08/2016;Norte;0
19/08/2016;Sistema Interligado Nacional;109,8
20/08/2016;Sudeste/Centro-Oeste;0
20/08/2016;Sul;23,1
20/08/2016;Nordeste;80,2
20/08/2016;Norte;0
20/08/2016;Sistema Interligado Nacional;103,3
21/08/2016;Sudeste/Centro-Oeste;0
21/08/2016;Sul;18
21/08/2016;Nordeste;69
21/08/2016;Norte;0
21/08/2016;Sistema Interligado Nacional;87
22/08/2016;Sudeste/Centro-Oeste;0
22/08/2016;Sul;15,5
22/08/2016;Nordeste;61,8
22/08/2016;Norte;0
22/08/2016;Sistema Interligado Nacional;77,3
23/08/2016;Sudeste/Centro-Oeste;0
23/08/2016;Sul;8
23/08/2016;Nordeste;93,3
23/08/2016;Norte;0
23/08/2016;Sistema Interligado Nacional;101,3
24/08/2016;Sudeste/Centro-Oeste;0
24/08/2016;Sul;16,5
24/08/2016;Nordeste;105,8
24/08/2016;Norte;0
24/08/2016;Sistema Interligado Nacional;122,3
25/08/2016;Sudeste/Centro-Oeste;0
25/08/2016;Sul;5,4
25/08/2016;Nordeste;99,7
25/08/2016;Norte;0
25/08/2016;Sistema Interligado Nacional;105,1
26/08/2016;Sudeste/Centro-Oeste;0
26/08/2016;Sul;11,4
26/08/2016;Nordeste;100
26/08/2016;Norte;0
26/08/2016;Sistema Interligado Nacional;111,3
27/08/2016;Sudeste/Centro-Oeste;0
27/08/2016;Sul;16,2
27/08/2016;Nordeste;110
27/08/2016;Norte;0
27/08/2016;Sistema Interligado Nacional;126,1
28/08/2016;Sudeste/Centro-Oeste;0
28/08/2016;Sul;17,4
28/08/2016;Nordeste;104,4
28/08/2016;Norte;0
28/08/2016;Sistema Interligado Nacional;121,7
29/08/2016;Sudeste/Centro-Oeste;0
29/08/2016;Sul;18,3
29/08/2016;Nordeste;97,9
29/08/2016;Norte;0
29/08/2016;Sistema Interligado Nacional;116,1
30/08/2016;Sudeste/Centro-Oeste;0
30/08/2016;Sul;12,8
30/08/2016;Nordeste;100,3
30/08/2016;Norte;0
30/08/2016;Sistema Interligado Nacional;113,1
31/08/2016;Sudeste/Centro-Oeste;0
31/08/2016;Sul;9,3
31/08/2016;Nordeste;95,6
31/08/2016;Norte;0
31/08/2016;Sistema Interligado Nacional;104,9
01/09/2016;Sudeste/Centro-Oeste;0
01/09/2016;Sul;9,2
01/09/2016;Nordeste;106,2
01/09/2016;Norte;0
01/09/2016;Sistema Interligado Nacional;115,4
02/09/2016;Sudeste/Centro-Oeste;0
02/09/2016;Sul;19,4
02/09/2016;Nordeste;110,4
02/09/2016;Norte;0
02/09/2016;Sistema Interligado Nacional;129,8
03/09/2016;Sudeste/Centro-Oeste;0
03/09/2016;Sul;19,9
03/09/2016;Nordeste;106,3
03/09/2016;Norte;0
03/09/2016;Sistema Interligado Nacional;126,3
04/09/2016;Sudeste/Centro-Oeste;0
04/09/2016;Sul;16,6
04/09/2016;Nordeste;113,4
04/09/2016;Norte;0
04/09/2016;Sistema Interligado Nacional;129,9
05/09/2016;Sudeste/Centro-Oeste;0
05/09/2016;Sul;17,3
05/09/2016;Nordeste;114,8
05/09/2016;Norte;0
05/09/2016;Sistema Interligado Nacional;132,1
06/09/2016;Sudeste/Centro-Oeste;0
06/09/2016;Sul;26,9
06/09/2016;Nordeste;105,5
06/09/2016;Norte;0
06/09/2016;Sistema Interligado Nacional;132,4
07/09/2016;Sudeste/Centro-Oeste;0
07/09/2016;Sul;30,8
07/09/2016;Nordeste;107,5
07/09/2016;Norte;0
07/09/2016;Sistema Interligado Nacional;138,3
08/09/2016;Sudeste/Centro-Oeste;0
08/09/2016;Sul;14,7
08/09/2016;Nordeste;106,9
08/09/2016;Norte;0
08/09/2016;Sistema Interligado Nacional;121,6
09/09/2016;Sudeste/Centro-Oeste;0
09/09/2016;Sul;6,4
09/09/2016;Nordeste;107,4
09/09/2016;Norte;0
09/09/2016;Sistema Interligado Nacional;113,8
10/09/2016;Sudeste/Centro-Oeste;0
10/09/2016;Sul;3,8
10/09/2016;Nordeste;98,1
10/09/2016;Norte;0
10/09/2016;Sistema Interligado Nacional;101,9
11/09/2016;Sudeste/Centro-Oeste;0
11/09/2016;Sul;8,2
11/09/2016;Nordeste;96
11/09/2016;Norte;0
11/09/2016;Sistema Interligado Nacional;104,2
12/09/2016;Sudeste/Centro-Oeste;0
12/09/2016;Sul;19,6
12/09/2016;Nordeste;103,5
12/09/2016;Norte;0
12/09/2016;Sistema Interligado Nacional;123,1
13/09/2016;Sudeste/Centro-Oeste;0
13/09/2016;Sul;26,2
13/09/2016;Nordeste;113
13/09/2016;Norte;0
13/09/2016;Sistema Interligado Nacional;139,3
14/09/2016;Sudeste/Centro-Oeste;0
14/09/2016;Sul;30,4
14/09/2016;Nordeste;102,6
14/09/2016;Norte;0
14/09/2016;Sistema Interligado Nacional;133
15/09/2016;Sudeste/Centro-Oeste;0
15/09/2016;Sul;15
15/09/2016;Nordeste;91,6
15/09/2016;Norte;0
15/09/2016;Sistema Interligado Nacional;106,6
16/09/2016;Sudeste/Centro-Oeste;0
16/09/2016;Sul;7
16/09/2016;Nordeste;84,5
16/09/2016;Norte;0
16/09/2016;Sistema Interligado Nacional;91,5
17/09/2016;Sudeste/Centro-Oeste;0
17/09/2016;Sul;7,4
17/09/2016;Nordeste;101,9
17/09/2016;Norte;0
17/09/2016;Sistema Interligado Nacional;109,3
18/09/2016;Sudeste/Centro-Oeste;0
18/09/2016;Sul;12
18/09/2016;Nordeste;101,4
18/09/2016;Norte;0
18/09/2016;Sistema Interligado Nacional;113,5
19/09/2016;Sudeste/Centro-Oeste;0
19/09/2016;Sul;19,3
19/09/2016;Nordeste;91,5
19/09/2016;Norte;0
19/09/2016;Sistema Interligado Nacional;110,8
20/09/2016;Sudeste/Centro-Oeste;0
20/09/2016;Sul;11,1
20/09/2016;Nordeste;77,4
20/09/2016;Norte;0
20/09/2016;Sistema Interligado Nacional;88,5
21/09/2016;Sudeste/Centro-Oeste;0
21/09/2016;Sul;17,9
21/09/2016;Nordeste;66,8
21/09/2016;Norte;0
21/09/2016;Sistema Interligado Nacional;84,7
22/09/2016;Sudeste/Centro-Oeste;0
22/09/2016;Sul;17,8
22/09/2016;Nordeste;88
22/09/2016;Norte;0
22/09/2016;Sistema Interligado Nacional;105,8
23/09/2016;Sudeste/Centro-Oeste;0
23/09/2016;Sul;19,8
23/09/2016;Nordeste;89,7
23/09/2016;Norte;0
23/09/2016;Sistema Interligado Nacional;109,5
24/09/2016;Sudeste/Centro-Oeste;0
24/09/2016;Sul;16,1
24/09/2016;Nordeste;79,6
24/09/2016;Norte;0
24/09/2016;Sistema Interligado Nacional;95,7
25/09/2016;Sudeste/Centro-Oeste;0
25/09/2016;Sul;8,8
25/09/2016;Nordeste;80,7
25/09/2016;Norte;0
25/09/2016;Sistema Interligado Nacional;89,5
26/09/2016;Sudeste/Centro-Oeste;0
26/09/2016;Sul;2,4
26/09/2016;Nordeste;59,8
26/09/2016;Norte;0
26/09/2016;Sistema Interligado Nacional;62,2
27/09/2016;Sudeste/Centro-Oeste;0
27/09/2016;Sul;6,8
27/09/2016;Nordeste;53,2
27/09/2016;Norte;0
27/09/2016;Sistema Interligado Nacional;60
28/09/2016;Sudeste/Centro-Oeste;0
28/09/2016;Sul;9,8
28/09/2016;Nordeste;84,9
28/09/2016;Norte;0
28/09/2016;Sistema Interligado Nacional;94,7
29/09/2016;Sudeste/Centro-Oeste;0
29/09/2016;Sul;15,1
29/09/2016;Nordeste;91,3
29/09/2016;Norte;0
29/09/2016;Sistema Interligado Nacional;106,4
30/09/2016;Sudeste/Centro-Oeste;0
30/09/2016;Sul;11,6
30/09/2016;Nordeste;76,1
30/09/2016;Norte;0
30/09/2016;Sistema Interligado Nacional;87,7
01/10/2016;Sudeste/Centro-Oeste;0
01/10/2016;Sul;22,5
01/10/2016;Nordeste;80,8
01/10/2016;Norte;0
01/10/2016;Sistema Interligado Nacional;103,3
02/10/2016;Sudeste/Centro-Oeste;0
02/10/2016;Sul;26,2
02/10/2016;Nordeste;111,5
02/10/2016;Norte;0
02/10/2016;Sistema Interligado Nacional;137,7
03/10/2016;Sudeste/Centro-Oeste;0
03/10/2016;Sul;25,4
03/10/2016;Nordeste;99,8
03/10/2016;Norte;0
03/10/2016;Sistema Interligado Nacional;125,2
04/10/2016;Sudeste/Centro-Oeste;0
04/10/2016;Sul;22,2
04/10/2016;Nordeste;70,2
04/10/2016;Norte;0
04/10/2016;Sistema Interligado Nacional;92,4
05/10/2016;Sudeste/Centro-Oeste;0
05/10/2016;Sul;24,6
05/10/2016;Nordeste;57,8
05/10/2016;Norte;0
05/10/2016;Sistema Interligado Nacional;82,4
06/10/2016;Sudeste/Centro-Oeste;0
06/10/2016;Sul;10,7
06/10/2016;Nordeste;45,2
06/10/2016;Norte;0
06/10/2016;Sistema Interligado Nacional;55,8
07/10/2016;Sudeste/Centro-Oeste;0
07/10/2016;Sul;12,7
07/10/2016;Nordeste;36,6
07/10/2016;Norte;0
07/10/2016;Sistema Interligado Nacional;49,3
08/10/2016;Sudeste/Centro-Oeste;0
08/10/2016;Sul;16,8
08/10/2016;Nordeste;59,1
08/10/2016;Norte;0
08/10/2016;Sistema Interligado Nacional;75,9
09/10/2016;Sudeste/Centro-Oeste;0
09/10/2016;Sul;2,8
09/10/2016;Nordeste;75
09/10/2016;Norte;0
09/10/2016;Sistema Interligado Nacional;77,8
10/10/2016;Sudeste/Centro-Oeste;0
10/10/2016;Sul;13,2
10/10/2016;Nordeste;107,2
10/10/2016;Norte;0
10/10/2016;Sistema Interligado Nacional;120,4
11/10/2016;Sudeste/Centro-Oeste;0
11/10/2016;Sul;22,3
11/10/2016;Nordeste;115,4
11/10/2016;Norte;0
11/10/2016;Sistema Interligado Nacional;137,7
12/10/2016;Sudeste/Centro-Oeste;0
12/10/2016;Sul;13,2
12/10/2016;Nordeste;101,2
12/10/2016;Norte;0
12/10/2016;Sistema Interligado Nacional;114,5
13/10/2016;Sudeste/Centro-Oeste;0
13/10/2016;Sul;12,6
13/10/2016;Nordeste;100,7
13/10/2016;Norte;0
13/10/2016;Sistema Interligado Nacional;113,3
14/10/2016;Sudeste/Centro-Oeste;0
14/10/2016;Sul;9,6
14/10/2016;Nordeste;106,5
14/10/2016;Norte;0
14/10/2016;Sistema Interligado Nacional;116,1
15/10/2016;Sudeste/Centro-Oeste;0
15/10/2016;Sul;28,2
15/10/2016;Nordeste;110,9
15/10/2016;Norte;0
15/10/2016;Sistema Interligado Nacional;139,1
16/10/2016;Sudeste/Centro-Oeste;0
16/10/2016;Sul;13,9
16/10/2016;Nordeste;98,4
16/10/2016;Norte;0
16/10/2016;Sistema Interligado Nacional;112,4
17/10/2016;Sudeste/Centro-Oeste;0
17/10/2016;Sul;14,6
17/10/2016;Nordeste;100,2
17/10/2016;Norte;0
17/10/2016;Sistema Interligado Nacional;114,8
18/10/2016;Sudeste/Centro-Oeste;0
18/10/2016;Sul;12,8
18/10/2016;Nordeste;87,6
18/10/2016;Norte;0
18/10/2016;Sistema Interligado Nacional;100,4
19/10/2016;Sudeste/Centro-Oeste;0
19/10/2016;Sul;23,4
19/10/2016;Nordeste;89,6
19/10/2016;Norte;0
19/10/2016;Sistema Interligado Nacional;113
20/10/2016;Sudeste/Centro-Oeste;0
20/10/2016;Sul;23,6
20/10/2016;Nordeste;77,7
20/10/2016;Norte;0
20/10/2016;Sistema Interligado Nacional;101,3
21/10/2016;Sudeste/Centro-Oeste;0
21/10/2016;Sul;9,3
21/10/2016;Nordeste;72,4
21/10/2016;Norte;0
21/10/2016;Sistema Interligado Nacional;81,7
22/10/2016;Sudeste/Centro-Oeste;0
22/10/2016;Sul;8,9
22/10/2016;Nordeste;87,6
22/10/2016;Norte;0
22/10/2016;Sistema Interligado Nacional;96,6
23/10/2016;Sudeste/Centro-Oeste;0
23/10/2016;Sul;21,8
23/10/2016;Nordeste;107,4
23/10/2016;Norte;0
23/10/2016;Sistema Interligado Nacional;129,2
24/10/2016;Sudeste/Centro-Oeste;0
24/10/2016;Sul;20,5
24/10/2016;Nordeste;94,9
24/10/2016;Norte;0
24/10/2016;Sistema Interligado Nacional;115,4
25/10/2016;Sudeste/Centro-Oeste;0
25/10/2016;Sul;31,7
25/10/2016;Nordeste;94,9
25/10/2016;Norte;0
25/10/2016;Sistema Interligado Nacional;126,6
26/10/2016;Sudeste/Centro-Oeste;0
26/10/2016;Sul;22,8
26/10/2016;Nordeste;107,6
26/10/2016;Norte;0
26/10/2016;Sistema Interligado Nacional;130,3
27/10/2016;Sudeste/Centro-Oeste;0
27/10/2016;Sul;27,8
27/10/2016;Nordeste;98,6
27/10/2016;Norte;0
27/10/2016;Sistema Interligado Nacional;126,5
28/10/2016;Sudeste/Centro-Oeste;0
28/10/2016;Sul;24
28/10/2016;Nordeste;78
28/10/2016;Norte;0
28/10/2016;Sistema Interligado Nacional;102
29/10/2016;Sudeste/Centro-Oeste;0
29/10/2016;Sul;10,3
29/10/2016;Nordeste;83,9
29/10/2016;Norte;0
29/10/2016;Sistema Interligado Nacional;94,2
30/10/2016;Sudeste/Centro-Oeste;0
30/10/2016;Sul;28,6
30/10/2016;Nordeste;96
30/10/2016;Norte;0
30/10/2016;Sistema Interligado Nacional;124,6
31/10/2016;Sudeste/Centro-Oeste;0
31/10/2016;Sul;17,8
31/10/2016;Nordeste;104,7
31/10/2016;Norte;0
31/10/2016;Sistema Interligado Nacional;122,5
01/11/2016;Sudeste/Centro-Oeste;0
01/11/2016;Sul;15,2
01/11/2016;Nordeste;114,2
01/11/2016;Norte;0
01/11/2016;Sistema Interligado Nacional;129,4
02/11/2016;Sudeste/Centro-Oeste;0
02/11/2016;Sul;24,5
02/11/2016;Nordeste;112,4
02/11/2016;Norte;0
02/11/2016;Sistema Interligado Nacional;136,9
03/11/2016;Sudeste/Centro-Oeste;0
03/11/2016;Sul;8,7
03/11/2016;Nordeste;112,3
03/11/2016;Norte;0
03/11/2016;Sistema Interligado Nacional;121
04/11/2016;Sudeste/Centro-Oeste;0
04/11/2016;Sul;7,6
04/11/2016;Nordeste;114,9
04/11/2016;Norte;0
04/11/2016;Sistema Interligado Nacional;122,5
05/11/2016;Sudeste/Centro-Oeste;0
05/11/2016;Sul;10,8
05/11/2016;Nordeste;122,3
05/11/2016;Norte;0
05/11/2016;Sistema Interligado Nacional;133
06/11/2016;Sudeste/Centro-Oeste;0
06/11/2016;Sul;18,7
06/11/2016;Nordeste;120,9
06/11/2016;Norte;0
06/11/2016;Sistema Interligado Nacional;139,6
07/11/2016;Sudeste/Centro-Oeste;0
07/11/2016;Sul;6,1
07/11/2016;Nordeste;111,7
07/11/2016;Norte;0
07/11/2016;Sistema Interligado Nacional;117,8
08/11/2016;Sudeste/Centro-Oeste;0
08/11/2016;Sul;9,1
08/11/2016;Nordeste;98,8
08/11/2016;Norte;0
08/11/2016;Sistema Interligado Nacional;107,9
09/11/2016;Sudeste/Centro-Oeste;0
09/11/2016;Sul;9,9
09/11/2016;Nordeste;102,6
09/11/2016;Norte;0
09/11/2016;Sistema Interligado Nacional;112,5
10/11/2016;Sudeste/Centro-Oeste;0
10/11/2016;Sul;9,6
10/11/2016;Nordeste;90,9
10/11/2016;Norte;0
10/11/2016;Sistema Interligado Nacional;100,5
11/11/2016;Sudeste/Centro-Oeste;0
11/11/2016;Sul;19
11/11/2016;Nordeste;88,1
11/11/2016;Norte;0
11/11/2016;Sistema Interligado Nacional;107,1
12/11/2016;Sudeste/Centro-Oeste;0
12/11/2016;Sul;10,9
12/11/2016;Nordeste;81,2
12/11/2016;Norte;0
12/11/2016;Sistema Interligado Nacional;92,1
13/11/2016;Sudeste/Centro-Oeste;0
13/11/2016;Sul;25,4
13/11/2016;Nordeste;71,3
13/11/2016;Norte;0
13/11/2016;Sistema Interligado Nacional;96,7
14/11/2016;Sudeste/Centro-Oeste;0
14/11/2016;Sul;8,6
14/11/2016;Nordeste;77,1
14/11/2016;Norte;0
14/11/2016;Sistema Interligado Nacional;85,7
15/11/2016;Sudeste/Centro-Oeste;0
15/11/2016;Sul;14,5
15/11/2016;Nordeste;71,1
15/11/2016;Norte;0
15/11/2016;Sistema Interligado Nacional;85,7
16/11/2016;Sudeste/Centro-Oeste;0
16/11/2016;Sul;15,9
16/11/2016;Nordeste;63,9
16/11/2016;Norte;0
16/11/2016;Sistema Interligado Nacional;79,9
17/11/2016;Sudeste/Centro-Oeste;0
17/11/2016;Sul;15,2
17/11/2016;Nordeste;74,6
17/11/2016;Norte;0
17/11/2016;Sistema Interligado Nacional;89,8
18/11/2016;Sudeste/Centro-Oeste;0
18/11/2016;Sul;17,5
18/11/2016;Nordeste;73,2
18/11/2016;Norte;0
18/11/2016;Sistema Interligado Nacional;90,8
19/11/2016;Sudeste/Centro-Oeste;0
19/11/2016;Sul;6,8
19/11/2016;Nordeste;54,8
19/11/2016;Norte;0
19/11/2016;Sistema Interligado Nacional;61,6
20/11/2016;Sudeste/Centro-Oeste;0
20/11/2016;Sul;14,2
20/11/2016;Nordeste;70,1
20/11/2016;Norte;0
20/11/2016;Sistema Interligado Nacional;84,3
21/11/2016;Sudeste/Centro-Oeste;0
21/11/2016;Sul;16,1
21/11/2016;Nordeste;86,2
21/11/2016;Norte;0
21/11/2016;Sistema Interligado Nacional;102,3
22/11/2016;Sudeste/Centro-Oeste;0
22/11/2016;Sul;4,8
22/11/2016;Nordeste;93
22/11/2016;Norte;0
22/11/2016;Sistema Interligado Nacional;97,8
23/11/2016;Sudeste/Centro-Oeste;0
23/11/2016;Sul;5,4
23/11/2016;Nordeste;77,6
23/11/2016;Norte;0
23/11/2016;Sistema Interligado Nacional;83
24/11/2016;Sudeste/Centro-Oeste;0
24/11/2016;Sul;6,6
24/11/2016;Nordeste;76,4
24/11/2016;Norte;0
24/11/2016;Sistema Interligado Nacional;83,1
25/11/2016;Sudeste/Centro-Oeste;0
25/11/2016;Sul;19,8
25/11/2016;Nordeste;97,6
25/11/2016;Norte;0
25/11/2016;Sistema Interligado Nacional;117,4
26/11/2016;Sudeste/Centro-Oeste;0
26/11/2016;Sul;23,4
26/11/2016;Nordeste;96,9
26/11/2016;Norte;0
26/11/2016;Sistema Interligado Nacional;120,3
27/11/2016;Sudeste/Centro-Oeste;0
27/11/2016;Sul;10,1
27/11/2016;Nordeste;84,5
27/11/2016;Norte;0
27/11/2016;Sistema Interligado Nacional;94,7
28/11/2016;Sudeste/Centro-Oeste;0
28/11/2016;Sul;8,5
28/11/2016;Nordeste;82,8
28/11/2016;Norte;0
28/11/2016;Sistema Interligado Nacional;91,3
29/11/2016;Sudeste/Centro-Oeste;0
29/11/2016;Sul;9,4
29/11/2016;Nordeste;80,4
29/11/2016;Norte;0
29/11/2016;Sistema Interligado Nacional;89,8
30/11/2016;Sudeste/Centro-Oeste;0
30/11/2016;Sul;9,5
30/11/2016;Nordeste;78,3
30/11/2016;Norte;0
30/11/2016;Sistema Interligado Nacional;87,9
01/12/2016;Sudeste/Centro-Oeste;0
01/12/2016;Sul;27,3
01/12/2016;Nordeste;89,7
01/12/2016;Norte;0
01/12/2016;Sistema Interligado Nacional;117
02/12/2016;Sudeste/Centro-Oeste;0
02/12/2016;Sul;13,1
02/12/2016;Nordeste;91,6
02/12/2016;Norte;0
02/12/2016;Sistema Interligado Nacional;104,7
03/12/2016;Sudeste/Centro-Oeste;0
03/12/2016;Sul;6,1
03/12/2016;Nordeste;81,8
03/12/2016;Norte;0
03/12/2016;Sistema Interligado Nacional;87,8
04/12/2016;Sudeste/Centro-Oeste;0
04/12/2016;Sul;7,1
04/12/2016;Nordeste;57,3
04/12/2016;Norte;0
04/12/2016;Sistema Interligado Nacional;64,4
05/12/2016;Sudeste/Centro-Oeste;0
05/12/2016;Sul;3,1
05/12/2016;Nordeste;54,7
05/12/2016;Norte;0
05/12/2016;Sistema Interligado Nacional;57,9
06/12/2016;Sudeste/Centro-Oeste;0
06/12/2016;Sul;3,4
06/12/2016;Nordeste;57,7
06/12/2016;Norte;0
06/12/2016;Sistema Interligado Nacional;61,1
07/12/2016;Sudeste/Centro-Oeste;0
07/12/2016;Sul;4,2
07/12/2016;Nordeste;45,7
07/12/2016;Norte;0
07/12/2016;Sistema Interligado Nacional;49,8
08/12/2016;Sudeste/Centro-Oeste;0
08/12/2016;Sul;15,1
08/12/2016;Nordeste;40
08/12/2016;Norte;0
08/12/2016;Sistema Interligado Nacional;55,1
09/12/2016;Sudeste/Centro-Oeste;0
09/12/2016;Sul;8,8
09/12/2016;Nordeste;56
09/12/2016;Norte;0
09/12/2016;Sistema Interligado Nacional;64,8
10/12/2016;Sudeste/Centro-Oeste;0
10/12/2016;Sul;13,8
10/12/2016;Nordeste;55,4
10/12/2016;Norte;0
10/12/2016;Sistema Interligado Nacional;69,2
11/12/2016;Sudeste/Centro-Oeste;0
11/12/2016;Sul;13,9
11/12/2016;Nordeste;48
11/12/2016;Norte;0
11/12/2016;Sistema Interligado Nacional;61,9
12/12/2016;Sudeste/Centro-Oeste;0
12/12/2016;Sul;17,9
12/12/2016;Nordeste;56
12/12/2016;Norte;0
12/12/2016;Sistema Interligado Nacional;73,9
13/12/2016;Sudeste/Centro-Oeste;0
13/12/2016;Sul;17,1
13/12/2016;Nordeste;60
13/12/2016;Norte;0
13/12/2016;Sistema Interligado Nacional;77,1
14/12/2016;Sudeste/Centro-Oeste;0
14/12/2016;Sul;20,6
14/12/2016;Nordeste;56,9
14/12/2016;Norte;0
14/12/2016;Sistema Interligado Nacional;77,5
15/12/2016;Sudeste/Centro-Oeste;0
15/12/2016;Sul;7,6
15/12/2016;Nordeste;72,5
15/12/2016;Norte;0
15/12/2016;Sistema Interligado Nacional;80,2
16/12/2016;Sudeste/Centro-Oeste;0
16/12/2016;Sul;29,4
16/12/2016;Nordeste;85,1
16/12/2016;Norte;0
16/12/2016;Sistema Interligado Nacional;114,5
17/12/2016;Sudeste/Centro-Oeste;0
17/12/2016;Sul;24,4
17/12/2016;Nordeste;92,2
17/12/2016;Norte;0
17/12/2016;Sistema Interligado Nacional;116,5
18/12/2016;Sudeste/Centro-Oeste;0
18/12/2016;Sul;12,8
18/12/2016;Nordeste;83
18/12/2016;Norte;0
18/12/2016;Sistema Interligado Nacional;95,8
19/12/2016;Sudeste/Centro-Oeste;0
19/12/2016;Sul;7,1
19/12/2016;Nordeste;71,5
19/12/2016;Norte;0
19/12/2016;Sistema Interligado Nacional;78,6
20/12/2016;Sudeste/Centro-Oeste;0
20/12/2016;Sul;4,5
20/12/2016;Nordeste;86,1
20/12/2016;Norte;0
20/12/2016;Sistema Interligado Nacional;90,6
21/12/2016;Sudeste/Centro-Oeste;0
21/12/2016;Sul;7,5
21/12/2016;Nordeste;88,3
21/12/2016;Norte;0
21/12/2016;Sistema Interligado Nacional;95,8
22/12/2016;Sudeste/Centro-Oeste;0
22/12/2016;Sul;7,4
22/12/2016;Nordeste;90,3
22/12/2016;Norte;0
22/12/2016;Sistema Interligado Nacional;97,7
23/12/2016;Sudeste/Centro-Oeste;0
23/12/2016;Sul;12,9
23/12/2016;Nordeste;98,8
23/12/2016;Norte;0
23/12/2016;Sistema Interligado Nacional;111,7
24/12/2016;Sudeste/Centro-Oeste;0
24/12/2016;Sul;5,2
24/12/2016;Nordeste;78,9
24/12/2016;Norte;0
24/12/2016;Sistema Interligado Nacional;84,1
25/12/2016;Sudeste/Centro-Oeste;0
25/12/2016;Sul;23,6
25/12/2016;Nordeste;74,1
25/12/2016;Norte;0
25/12/2016;Sistema Interligado Nacional;97,6
26/12/2016;Sudeste/Centro-Oeste;0
26/12/2016;Sul;9,6
26/12/2016;Nordeste;81,1
26/12/2016;Norte;0
26/12/2016;Sistema Interligado Nacional;90,7
27/12/2016;Sudeste/Centro-Oeste;0
27/12/2016;Sul;5,9
27/12/2016;Nordeste;102,5
27/12/2016;Norte;0
27/12/2016;Sistema Interligado Nacional;108,5
28/12/2016;Sudeste/Centro-Oeste;0
28/12/2016;Sul;7,2
28/12/2016;Nordeste;87,5
28/12/2016;Norte;0
28/12/2016;Sistema Interligado Nacional;94,6
29/12/2016;Sudeste/Centro-Oeste;0
29/12/2016;Sul;14,3
29/12/2016;Nordeste;84,8
29/12/2016;Norte;0
29/12/2016;Sistema Interligado Nacional;99,1
30/12/2016;Sudeste/Centro-Oeste;0
30/12/2016;Sul;15,9
30/12/2016;Nordeste;93,9
30/12/2016;Norte;0
30/12/2016;Sistema Interligado Nacional;109,7
31/12/2016;Sudeste/Centro-Oeste;0
31/12/2016;Sul;4,9
31/12/2016;Nordeste;97,3
31/12/2016;Norte;0
31/12/2016;Sistema Interligado Nacional;102,2
01/01/2017;Sudeste/Centro-Oeste;0
01/01/2017;Sul;5,6
01/01/2017;Nordeste;87,6
01/01/2017;Norte;0
01/01/2017;Sistema Interligado Nacional;93,2
02/01/2017;Norte;0
02/01/2017;Nordeste;75,28
02/01/2017;Sul;7,44
02/01/2017;Sudeste/Centro-Oeste;0
02/01/2017;Sistema Interligado Nacional;82,72
03/01/2017;Norte;0
03/01/2017;Nordeste;64,2
03/01/2017;Sul;20,66
03/01/2017;Sudeste/Centro-Oeste;0
03/01/2017;Sistema Interligado Nacional;84,86
04/01/2017;Norte;0
04/01/2017;Nordeste;76,55
04/01/2017;Sul;10,61
04/01/2017;Sudeste/Centro-Oeste;0
04/01/2017;Sistema Interligado Nacional;87,17
05/01/2017;Norte;0
05/01/2017;Nordeste;89,6
05/01/2017;Sul;9,65
05/01/2017;Sudeste/Centro-Oeste;0
05/01/2017;Sistema Interligado Nacional;99,25
06/01/2017;Norte;0
06/01/2017;Nordeste;89,41
06/01/2017;Sul;9,89
06/01/2017;Sudeste/Centro-Oeste;0
06/01/2017;Sistema Interligado Nacional;99,3
07/01/2017;Norte;0
07/01/2017;Nordeste;80,04
07/01/2017;Sul;16,13
07/01/2017;Sudeste/Centro-Oeste;0
07/01/2017;Sistema Interligado Nacional;96,17
08/01/2017;Norte;0
08/01/2017;Nordeste;75,23
08/01/2017;Sul;6,92
08/01/2017;Sudeste/Centro-Oeste;0
08/01/2017;Sistema Interligado Nacional;82,16
09/01/2017;Norte;0
09/01/2017;Nordeste;63,81
09/01/2017;Sul;5,99
09/01/2017;Sudeste/Centro-Oeste;0
09/01/2017;Sistema Interligado Nacional;69,8
10/01/2017;Norte;0
10/01/2017;Nordeste;61,61
10/01/2017;Sul;14,55
10/01/2017;Sudeste/Centro-Oeste;0
10/01/2017;Sistema Interligado Nacional;76,15
11/01/2017;Norte;0
11/01/2017;Nordeste;49,58
11/01/2017;Sul;6,17
11/01/2017;Sudeste/Centro-Oeste;0
11/01/2017;Sistema Interligado Nacional;55,75
12/01/2017;Norte;0
12/01/2017;Nordeste;56,69
12/01/2017;Sul;10,44
12/01/2017;Sudeste/Centro-Oeste;0
12/01/2017;Sistema Interligado Nacional;67,13
13/01/2017;Norte;0
13/01/2017;Nordeste;72
13/01/2017;Sul;18,56
13/01/2017;Sudeste/Centro-Oeste;0
13/01/2017;Sistema Interligado Nacional;90,56
14/01/2017;Norte;0
14/01/2017;Nordeste;52,87
14/01/2017;Sul;8,23
14/01/2017;Sudeste/Centro-Oeste;0
14/01/2017;Sistema Interligado Nacional;61,1
15/01/2017;Norte;0
15/01/2017;Nordeste;52,36
15/01/2017;Sul;14,33
15/01/2017;Sudeste/Centro-Oeste;0
15/01/2017;Sistema Interligado Nacional;66,69
16/01/2017;Norte;0
16/01/2017;Nordeste;72,51
16/01/2017;Sul;24,52
16/01/2017;Sudeste/Centro-Oeste;0
16/01/2017;Sistema Interligado Nacional;97,03
17/01/2017;Norte;0
17/01/2017;Nordeste;66,64
17/01/2017;Sul;6,32
17/01/2017;Sudeste/Centro-Oeste;0
17/01/2017;Sistema Interligado Nacional;72,97
18/01/2017;Norte;0
18/01/2017;Nordeste;62,02
18/01/2017;Sul;10,95
18/01/2017;Sudeste/Centro-Oeste;0
18/01/2017;Sistema Interligado Nacional;72,97
19/01/2017;Norte;0
19/01/2017;Nordeste;68,85
19/01/2017;Sul;9,98
19/01/2017;Sudeste/Centro-Oeste;0
19/01/2017;Sistema Interligado Nacional;78,83
20/01/2017;Norte;0
20/01/2017;Nordeste;58,03
20/01/2017;Sul;11,55
20/01/2017;Sudeste/Centro-Oeste;0
20/01/2017;Sistema Interligado Nacional;69,58
21/01/2017;Norte;0
21/01/2017;Nordeste;75,29
21/01/2017;Sul;12,43
21/01/2017;Sudeste/Centro-Oeste;0
21/01/2017;Sistema Interligado Nacional;87,72
22/01/2017;Norte;0
22/01/2017;Nordeste;65,58
22/01/2017;Sul;8,48
22/01/2017;Sudeste/Centro-Oeste;0
22/01/2017;Sistema Interligado Nacional;74,05
23/01/2017;Norte;0
23/01/2017;Nordeste;71
23/01/2017;Sul;7,99
23/01/2017;Sudeste/Centro-Oeste;0
23/01/2017;Sistema Interligado Nacional;78,98
24/01/2017;Norte;0
24/01/2017;Nordeste;78,87
24/01/2017;Sul;6,54
24/01/2017;Sudeste/Centro-Oeste;0
24/01/2017;Sistema Interligado Nacional;85,41
25/01/2017;Norte;0
25/01/2017;Nordeste;75,13
25/01/2017;Sul;13,51
25/01/2017;Sudeste/Centro-Oeste;0
25/01/2017;Sistema Interligado Nacional;88,64
26/01/2017;Norte;0
26/01/2017;Nordeste;60,44
26/01/2017;Sul;16,14
26/01/2017;Sudeste/Centro-Oeste;0
26/01/2017;Sistema Interligado Nacional;76,58
27/01/2017;Norte;0
27/01/2017;Nordeste;75,78
27/01/2017;Sul;8,06
27/01/2017;Sudeste/Centro-Oeste;0
27/01/2017;Sistema Interligado Nacional;83,84
28/01/2017;Norte;0
28/01/2017;Nordeste;84,59
28/01/2017;Sul;5,44
28/01/2017;Sudeste/Centro-Oeste;0
28/01/2017;Sistema Interligado Nacional;90,03
29/01/2017;Norte;0
29/01/2017;Nordeste;87,89
29/01/2017;Sul;17,87
29/01/2017;Sudeste/Centro-Oeste;0
29/01/2017;Sistema Interligado Nacional;105,76
30/01/2017;Norte;0
30/01/2017;Nordeste;92,33
30/01/2017;Sul;24,36
30/01/2017;Sudeste/Centro-Oeste;0
30/01/2017;Sistema Interligado Nacional;116,69
31/01/2017;Norte;0
31/01/2017;Nordeste;84,78
31/01/2017;Sul;25,49
31/01/2017;Sudeste/Centro-Oeste;0
31/01/2017;Sistema Interligado Nacional;110,27
01/02/2017;Norte;0
01/02/2017;Nordeste;70,59
01/02/2017;Sul;16,77
01/02/2017;Sudeste/Centro-Oeste;0
01/02/2017;Sistema Interligado Nacional;87,36
02/02/2017;Norte;0
02/02/2017;Nordeste;65,03
02/02/2017;Sul;7,51
02/02/2017;Sudeste/Centro-Oeste;0
02/02/2017;Sistema Interligado Nacional;72,53
03/02/2017;Norte;0
03/02/2017;Nordeste;67,32
03/02/2017;Sul;3,02
03/02/2017;Sudeste/Centro-Oeste;0
03/02/2017;Sistema Interligado Nacional;70,33
04/02/2017;Norte;0
04/02/2017;Nordeste;75,52
04/02/2017;Sul;7,79
04/02/2017;Sudeste/Centro-Oeste;0
04/02/2017;Sistema Interligado Nacional;83,31
05/02/2017;Norte;0
05/02/2017;Nordeste;69,43
05/02/2017;Sul;19,91
05/02/2017;Sudeste/Centro-Oeste;0
05/02/2017;Sistema Interligado Nacional;89,34
06/02/2017;Norte;0
06/02/2017;Nordeste;63,75
06/02/2017;Sul;24,9
06/02/2017;Sudeste/Centro-Oeste;0
06/02/2017;Sistema Interligado Nacional;88,65
07/02/2017;Norte;0
07/02/2017;Nordeste;50,71
07/02/2017;Sul;7,31
07/02/2017;Sudeste/Centro-Oeste;0
07/02/2017;Sistema Interligado Nacional;58,02
08/02/2017;Norte;0
08/02/2017;Nordeste;36,9
08/02/2017;Sul;10,62
08/02/2017;Sudeste/Centro-Oeste;0
08/02/2017;Sistema Interligado Nacional;47,51
09/02/2017;Norte;0
09/02/2017;Nordeste;44,46
09/02/2017;Sul;26,54
09/02/2017;Sudeste/Centro-Oeste;0
09/02/2017;Sistema Interligado Nacional;71
10/02/2017;Norte;0
10/02/2017;Nordeste;58,76
10/02/2017;Sul;21,07
10/02/2017;Sudeste/Centro-Oeste;0
10/02/2017;Sistema Interligado Nacional;79,83
11/02/2017;Norte;0
11/02/2017;Nordeste;48,15
11/02/2017;Sul;10,34
11/02/2017;Sudeste/Centro-Oeste;0
11/02/2017;Sistema Interligado Nacional;58,49
12/02/2017;Norte;0
12/02/2017;Nordeste;47,15
12/02/2017;Sul;13,11
12/02/2017;Sudeste/Centro-Oeste;0
12/02/2017;Sistema Interligado Nacional;60,26
13/02/2017;Norte;0
13/02/2017;Nordeste;69,97
13/02/2017;Sul;7,68
13/02/2017;Sudeste/Centro-Oeste;0
13/02/2017;Sistema Interligado Nacional;77,65
14/02/2017;Norte;0
14/02/2017;Nordeste;84,04
14/02/2017;Sul;14
14/02/2017;Sudeste/Centro-Oeste;0
14/02/2017;Sistema Interligado Nacional;98,04
15/02/2017;Norte;0,00
15/02/2017;Nordeste;96,25
15/02/2017;Sul;7,70
15/02/2017;Sudeste/Centro-Oeste;0,00
15/02/2017;Sistema Interligado Nacional;103,95
16/02/2017;Norte;0,00
16/02/2017;Nordeste;76,30
16/02/2017;Sul;5,30
16/02/2017;Sudeste/Centro-Oeste;0,00
16/02/2017;Sistema Interligado Nacional;81,60
17/02/2017;Norte;0,00
17/02/2017;Nordeste;58,12
17/02/2017;Sul;9,42
17/02/2017;Sudeste/Centro-Oeste;0,00
17/02/2017;Sistema Interligado Nacional;67,53
18/02/2017;Norte;0,00
18/02/2017;Nordeste;41,80
18/02/2017;Sul;5,79
18/02/2017;Sudeste/Centro-Oeste;0,00
18/02/2017;Sistema Interligado Nacional;47,59
19/02/2017;Norte;0,00
19/02/2017;Nordeste;59,69
19/02/2017;Sul;3,11
19/02/2017;Sudeste/Centro-Oeste;0,00
19/02/2017;Sistema Interligado Nacional;62,80
20/02/2017;Norte;0,00
20/02/2017;Nordeste;60,33
20/02/2017;Sul;6,20
20/02/2017;Sudeste/Centro-Oeste;0,00
20/02/2017;Sistema Interligado Nacional;66,53
21/02/2017;Norte;0,00
21/02/2017;Nordeste;75,28
21/02/2017;Sul;4,99
21/02/2017;Sudeste/Centro-Oeste;0,00
21/02/2017;Sistema Interligado Nacional;80,28
22/02/2017;Norte;0,00
22/02/2017;Nordeste;86,40
22/02/2017;Sul;2,50
22/02/2017;Sudeste/Centro-Oeste;0,00
22/02/2017;Sistema Interligado Nacional;88,90
23/02/2017;Norte;0,00
23/02/2017;Nordeste;72,67
23/02/2017;Sul;2,89
23/02/2017;Sudeste/Centro-Oeste;0,00
23/02/2017;Sistema Interligado Nacional;75,57
24/02/2017;Norte;0,00
24/02/2017;Nordeste;69,00
24/02/2017;Sul;1,46
24/02/2017;Sudeste/Centro-Oeste;0,00
24/02/2017;Sistema Interligado Nacional;70,46
25/02/2017;Norte;0,00
25/02/2017;Nordeste;61,87
25/02/2017;Sul;1,93
25/02/2017;Sudeste/Centro-Oeste;0,00
25/02/2017;Sistema Interligado Nacional;63,80
26/02/2017;Norte;0,00
26/02/2017;Nordeste;45,66
26/02/2017;Sul;5,99
26/02/2017;Sudeste/Centro-Oeste;0,00
26/02/2017;Sistema Interligado Nacional;51,66
27/02/2017;Norte;0,00
27/02/2017;Nordeste;55,28
27/02/2017;Sul;9,79
27/02/2017;Sudeste/Centro-Oeste;0,00
27/02/2017;Sistema Interligado Nacional;65,07
28/02/2017;Norte;0,00
28/02/2017;Nordeste;51,76
28/02/2017;Sul;5,73
28/02/2017;Sudeste/Centro-Oeste;0,00
28/02/2017;Sistema Interligado Nacional;57,50
01/03/2017;Norte;0,00
01/03/2017;Nordeste;42,07
01/03/2017;Sul;5,04
01/03/2017;Sudeste/Centro-Oeste;0,00
01/03/2017;Sistema Interligado Nacional;47,12
02/03/2017;Norte;0,00
02/03/2017;Nordeste;43,41
02/03/2017;Sul;7,75
02/03/2017;Sudeste/Centro-Oeste;0,00
02/03/2017;Sistema Interligado Nacional;51,16
03/03/2017;Norte;0,00
03/03/2017;Nordeste;55,25
03/03/2017;Sul;12,38
03/03/2017;Sudeste/Centro-Oeste;0,00
03/03/2017;Sistema Interligado Nacional;67,63
04/03/2017;Norte;0,00
04/03/2017;Nordeste;54,73
04/03/2017;Sul;17,30
04/03/2017;Sudeste/Centro-Oeste;0,00
04/03/2017;Sistema Interligado Nacional;72,03
05/03/2017;Norte;0,00
05/03/2017;Nordeste;51,43
05/03/2017;Sul;12,62
05/03/2017;Sudeste/Centro-Oeste;0,00
05/03/2017;Sistema Interligado Nacional;64,05
06/03/2017;Norte;0,00
06/03/2017;Nordeste;56,23
06/03/2017;Sul;7,37
06/03/2017;Sudeste/Centro-Oeste;0,00
06/03/2017;Sistema Interligado Nacional;63,60
07/03/2017;Norte;0,00
07/03/2017;Nordeste;60,33
07/03/2017;Sul;7,17
07/03/2017;Sudeste/Centro-Oeste;0,00
07/03/2017;Sistema Interligado Nacional;67,50
08/03/2017;Norte;0,00
08/03/2017;Nordeste;59,59
08/03/2017;Sul;27,63
08/03/2017;Sudeste/Centro-Oeste;0,00
08/03/2017;Sistema Interligado Nacional;87,22
09/03/2017;Norte;0,00
09/03/2017;Nordeste;60,96
09/03/2017;Sul;23,19
09/03/2017;Sudeste/Centro-Oeste;0,00
09/03/2017;Sistema Interligado Nacional;84,15
10/03/2017;Norte;0,00
10/03/2017;Nordeste;70,93
10/03/2017;Sul;13,83
10/03/2017;Sudeste/Centro-Oeste;0,00
10/03/2017;Sistema Interligado Nacional;84,76
11/03/2017;Norte;0,00
11/03/2017;Nordeste;41,47
11/03/2017;Sul;10,49
11/03/2017;Sudeste/Centro-Oeste;0,00
11/03/2017;Sistema Interligado Nacional;51,96
12/03/2017;Norte;0,00
12/03/2017;Nordeste;49,38
12/03/2017;Sul;21,51
12/03/2017;Sudeste/Centro-Oeste;0,00
12/03/2017;Sistema Interligado Nacional;70,89
13/03/2017;Norte;0,00
13/03/2017;Nordeste;37,35
13/03/2017;Sul;12,86
13/03/2017;Sudeste/Centro-Oeste;0,00
13/03/2017;Sistema Interligado Nacional;50,21
14/03/2017;Norte;0,00
14/03/2017;Nordeste;48,19
14/03/2017;Sul;6,04
14/03/2017;Sudeste/Centro-Oeste;0,00
14/03/2017;Sistema Interligado Nacional;54,22
15/03/2017;Norte;0,00
15/03/2017;Nordeste;45,90
15/03/2017;Sul;17,47
15/03/2017;Sudeste/Centro-Oeste;0,00
15/03/2017;Sistema Interligado Nacional;63,37
16/03/2017;Norte;0,00
16/03/2017;Nordeste;48,64
16/03/2017;Sul;19,67
16/03/2017;Sudeste/Centro-Oeste;0,00
16/03/2017;Sistema Interligado Nacional;68,31
17/03/2017;Norte;0,00
17/03/2017;Nordeste;39,05
17/03/2017;Sul;17,34
17/03/2017;Sudeste/Centro-Oeste;0,00
17/03/2017;Sistema Interligado Nacional;56,39
18/03/2017;Norte;0,00
18/03/2017;Nordeste;24,64
18/03/2017;Sul;6,32
18/03/2017;Sudeste/Centro-Oeste;0,00
18/03/2017;Sistema Interligado Nacional;30,96
19/03/2017;Norte;0,00
19/03/2017;Nordeste;43,87
19/03/2017;Sul;8,92
19/03/2017;Sudeste/Centro-Oeste;0,00
19/03/2017;Sistema Interligado Nacional;52,78
20/03/2017;Norte;0,00
20/03/2017;Nordeste;61,42
20/03/2017;Sul;13,80
20/03/2017;Sudeste/Centro-Oeste;0,00
20/03/2017;Sistema Interligado Nacional;75,22
21/03/2017;Norte;0,00
21/03/2017;Nordeste;41,25
21/03/2017;Sul;18,55
21/03/2017;Sudeste/Centro-Oeste;0,00
21/03/2017;Sistema Interligado Nacional;59,80
